'006d006c3d4226331503',20260803,0,20260804,0,20260805,0,20260806,0,20260807,0,20260810,0,20260811,0,20260812,0,20260813,0,20260814,0,20260817,0,20260818,0,20260819,0,20260820,0,20260821,0,20260824,0,20260825,0,20260826,0,20260827,0,20260828,0,20260831,0
'011916732b39176e290f',20260801,0,20260808,0,20260815,0,20260815,2,20260822,0,20260829,0
'01416475481b1b7f0665',20260801,0,20260804,0,20260808,0,20260811,0,20260815,0,20260815,2,20260818,0,20260822,0,20260825,0,20260829,0,20260901,0,20260905,0,20260908,0,20260912,0,20260915,0,20260919,0,20260922,0,20260926,0,20260929,0,20261003,0,20261006,0,20261010,0,20261013,0,20261017,0,20261020,0,20261024,0,20261027,0,20261031,0,20261103,0,20261107,0,20261110,0,20261114,0,20261117,0,20261121,0,20261124,0,20261128,0,20261201,0,20261205,0,20261208,0,20261212,0,20261215,0,20261219,0,20261222,0,20261226,0,20261229,0,20270102,0,20270105,0,20270109,0,20270112,0,20270116,0,20270119,0,20270123,0,20270126,0,20270130,0,20270202,0,20270206,0,20270209,0,20270213,0,20270216,0,20270220,0,20270223,0,20270227,0,20270302,0,20270306,0,20270309,0,20270313,0,20270316,0,20270320,0,20270323,0,20270327,0,20270330,0,20270403,0,20270406,0,20270410,0,20270413,0,20270417,0,20270420,0,20270424,0,20270427,0,20270501,0,20270501,2,20270504,0,20270508,0,20270508,2,20270511,0,20270515,0,20270518,0,20270522,0,20270525,0,20270529,0,20270601,0,20270605,0,20270608,0,20270612,0,20270615,0,20270619,0,20270622,0,20270626,0,20270629,0,20270703,0,20270706,0,20270710,0,20270713,0,20270717,0,20270720,0,20270724,0,20270727,0,20270731,0,20270803,0,20270807,0,20270810,0,20270814,0,20270817,0,20270821,0,20270824,0,20270828,0,20270831,0
'02070559307629202a09',20260801,0,20260808,0,20260815,0,20260815,2,20260822,0,20260829,0
'02740131540528176324',20260902,0,20260909,0,20260916,0,20260923,0,20260930,0,20261007,0,20261014,0,20261021,0,20261021,2,20261028,0,20261028,2,20261104,0,20261111,0,20261111,2,20261118,0,20261125,0,20261202,0,20261209,0,20261216,0,20261223,0,20261223,2,20261230,0,20261230,2,20270106,0,20270113,0,20270120,0,20270127,0,20270203,0,20270210,0,20270210,2,20270217,0,20270217,2,20270224,0,20270303,0,20270310,0,20270317,0,20270324,0,20270331,0,20270407,0,20270407,2,20270414,0,20270414,2,20270421,0,20270428,0,20270505,0,20270512,0,20270519,0,20270526,0,20270602,0,20270609,0,20270616,0,20270623,0,20270630,0
'033f513b783f2a6d4e6e',20260803,1,20260804,1,20260805,1,20260806,1,20260807,1,20260810,1,20260811,1,20260812,1,20260813,1,20260814,1,20260817,1,20260818,1,20260819,1,20260820,1,20260821,1,20260824,1,20260825,1,20260826,1,20260827,1,20260828,1,20260831,1,20261019,1,20261020,1,20261021,1,20261022,1,20261023,1,20261026,1,20261027,1,20261028,1,20261029,1,20261030,1,20261221,1,20261222,1,20261223,1,20261224,1,20261228,1,20261229,1,20261230,1,20261231,1,20270208,1,20270209,1,20270210,1,20270211,1,20270212,1,20270215,1,20270216,1,20270217,1,20270218,1,20270219,1,20270405,1,20270406,1,20270407,1,20270408,1,20270409,1,20270412,1,20270413,1,20270414,1,20270415,1,20270416,1,20270507,1,20270705,1,20270706,1,20270707,1,20270708,1,20270709,1,20270712,1,20270713,1,20270715,1,20270716,1,20270719,1,20270720,1,20270721,1,20270722,1,20270723,1,20270726,1,20270727,1,20270728,1,20270729,1,20270730,1,20270802,1,20270803,1,20270804,1,20270805,1,20270806,1,20270809,1,20270810,1,20270811,1,20270812,1,20270813,1,20270816,1,20270817,1,20270818,1,20270819,1,20270820,1,20270823,1,20270824,1,20270825,1,20270826,1,20270827,1,20270830,1,20270831,1
'063c46552b0b6c642e3f',20260803,0,20260804,0,20260805,0,20260806,0,20260807,0,20260810,0,20260811,0,20260812,0,20260813,0,20260814,0,20260817,0,20260818,0,20260819,0,20260820,0,20260821,0,20260824,0,20260825,0,20260826,0,20260827,0,20260828,0,20260831,0,20260901,0,20260902,0,20260903,0,20260904,0,20260907,0,20260908,0,20260909,0,20260910,0,20260911,0,20260914,0,20260915,0,20260916,0,20260917,0,20260918,0,20260921,0,20260922,0,20260923,0,20260924,0,20260925,0,20260928,0,20260929,0,20260930,0,20261001,0,20261002,0,20261005,0,20261006,0,20261007,0,20261008,0,20261009,0,20261012,0,20261013,0,20261014,0,20261015,0,20261016,0,20261019,0,20261020,0,20261021,0,20261022,0,20261023,0,20261026,0,20261027,0,20261028,0,20261029,0,20261030,0,20261102,0,20261103,0,20261104,0,20261105,0,20261106,0,20261109,0,20261110,0,20261111,0,20261111,2,20261112,0,20261113,0,20261116,0,20261117,0,20261118,0,20261119,0,20261120,0,20261123,0,20261124,0,20261125,0,20261126,0,20261127,0,20261130,0,20261201,0,20261202,0,20261203,0,20261204,0,20261207,0,20261208,0,20261209,0,20261210,0,20261211,0,20261214,0,20261215,0,20261216,0,20261217,0,20261218,0,20261221,0,20261222,0,20261223,0,20261224,0,20261225,0,20261225,2,20261228,0,20261229,0,20261230,0,20261231,0,20270101,0,20270101,2,20270104,0,20270105,0,20270106,0,20270107,0,20270108,0,20270111,0,20270112,0,20270113,0,20270114,0,20270115,0,20270118,0,20270119,0,20270120,0,20270121,0,20270122,0,20270125,0,20270126,0,20270127,0,20270128,0,20270129,0,20270201,0,20270202,0,20270203,0,20270204,0,20270205,0,20270208,0,20270209,0,20270210,0,20270211,0,20270212,0,20270215,0,20270216,0,20270217,0,20270218,0,20270219,0,20270222,0,20270223,0,20270224,0,20270225,0,20270226,0,20270301,0,20270302,0,20270303,0,20270304,0,20270305,0,20270308,0,20270309,0,20270310,0,20270311,0,20270312,0,20270315,0,20270316,0,20270317,0,20270318,0,20270319,0,20270322,0,20270323,0,20270324,0,20270325,0,20270326,0,20270329,0,20270329,2,20270330,0,20270331,0,20270401,0,20270402,0,20270405,0,20270406,0,20270407,0,20270408,0,20270409,0,20270412,0,20270413,0,20270414,0,20270415,0,20270416,0,20270419,0,20270420,0,20270421,0,20270422,0,20270423,0,20270426,0,20270427,0,20270428,0,20270429,0,20270430,0,20270503,0,20270504,0,20270505,0,20270506,0,20270506,2,20270507,0,20270510,0,20270511,0,20270512,0,20270513,0,20270514,0,20270517,0,20270517,2,20270518,0,20270519,0,20270520,0,20270521,0,20270524,0,20270525,0,20270526,0,20270527,0,20270528,0,20270531,0,20270601,0,20270602,0,20270603,0,20270604,0,20270607,0,20270608,0,20270609,0,20270610,0,20270611,0,20270614,0,20270615,0,20270616,0,20270617,0,20270618,0,20270621,0,20270622,0,20270623,0,20270624,0,20270625,0,20270628,0,20270629,0,20270630,0,20270701,0,20270702,0,20270705,0,20270706,0,20270707,0,20270708,0,20270709,0,20270712,0,20270713,0,20270714,0,20270714,2,20270715,0,20270716,0,20270719,0,20270720,0,20270721,0,20270722,0,20270723,0,20270726,0,20270727,0,20270728,0,20270729,0,20270730,0,20270802,0,20270803,0,20270804,0,20270805,0,20270806,0,20270809,0,20270810,0,20270811,0,20270812,0,20270813,0,20270816,0,20270817,0,20270818,0,20270819,0,20270820,0,20270823,0,20270824,0,20270825,0,20270826,0,20270827,0,20270830,0,20270831,0
'0a067c057b2b05087239',20260905,0,20260912,0,20260919,0,20260926,0,20261003,0,20261010,0,20261017,0,20261019,1,20261020,1,20261021,1,20261022,1,20261023,1,20261024,0,20261026,1,20261027,1,20261028,1,20261029,1,20261030,1,20261031,0,20261107,0,20261114,0,20261121,0,20261128,0,20261205,0,20261212,0,20261219,0,20261221,1,20261222,1,20261223,1,20261224,1,20261226,0,20261228,1,20261229,1,20261230,1,20261231,1,20270102,0,20270109,0,20270116,0,20270123,0,20270130,0,20270206,0,20270208,1,20270209,1,20270210,1,20270211,1,20270212,1,20270213,0,20270215,1,20270216,1,20270217,1,20270218,1,20270219,1,20270220,0,20270227,0,20270306,0,20270313,0,20270320,0,20270327,0,20270403,0,20270405,1,20270406,1,20270407,1,20270408,1,20270409,1,20270410,0,20270412,1,20270413,1,20270414,1,20270415,1,20270416,1,20270417,0,20270424,0,20270501,0,20270501,2,20270507,1,20270508,0,20270508,2,20270515,0,20270522,0,20270529,0,20270605,0,20270612,0,20270619,0,20270626,0,20270703,0,20270710,0,20270717,0,20270724,0,20270731,0,20270807,0,20270814,0,20270821,0,20270828,0
'0a3c663a7d504d200835',20260904,0,20260911,0,20260918,0,20260925,0,20261002,0,20261009,0,20261016,0,20261023,0,20261023,2,20261030,0,20261030,2,20261106,0,20261110,1,20261113,0,20261120,0,20261127,0,20261204,0,20261211,0,20261218,0,20261225,0,20261225,2,20270101,0,20270101,2,20270108,0,20270115,0,20270122,0,20270129,0,20270205,0,20270212,0,20270212,2,20270219,0,20270219,2,20270226,0,20270305,0,20270312,0,20270319,0,20270326,0,20270402,0,20270409,0,20270409,2,20270416,0,20270416,2,20270423,0,20270430,0,20270505,1,20270507,0,20270507,2,20270514,0,20270521,0,20270528,0,20270604,0,20270611,0,20270618,0,20270625,0,20270702,0
'0d49161f2c602a7a642d',20260801,0,20260802,0,20260803,1,20260804,1,20260805,1,20260806,1,20260807,1,20260808,0,20260809,0,20260810,1,20260811,1,20260812,1,20260813,1,20260814,1,20260815,0,20260815,2,20260816,0,20260817,1,20260818,1,20260819,1,20260820,1,20260821,1,20260822,0,20260823,0,20260824,1,20260825,1,20260826,1,20260827,1,20260828,1,20260829,0,20260830,0,20260831,1,20260905,0,20260906,0,20260912,0,20260913,0,20260919,0,20260920,0,20260926,0,20260927,0,20261003,0,20261004,0,20261010,0,20261011,0,20261017,0,20261018,0,20261019,1,20261020,1,20261021,1,20261022,1,20261023,1,20261024,0,20261025,0,20261026,1,20261027,1,20261028,1,20261029,1,20261030,1,20261031,0,20261101,0,20261101,2,20261107,0,20261108,0,20261114,0,20261115,0,20261121,0,20261122,0,20261128,0,20261129,0,20261205,0,20261206,0,20261212,0,20261213,0,20261219,0,20261220,0,20261221,1,20261222,1,20261223,1,20261224,1,20261226,0,20261227,0,20261228,1,20261229,1,20261230,1,20261231,1,20270102,0,20270103,0,20270109,0,20270110,0,20270116,0,20270117,0,20270123,0,20270124,0,20270130,0,20270131,0,20270206,0,20270207,0,20270208,1,20270209,1,20270210,1,20270211,1,20270212,1,20270213,0,20270214,0,20270215,1,20270216,1,20270217,1,20270218,1,20270219,1,20270220,0,20270221,0,20270227,0,20270228,0,20270306,0,20270307,0,20270313,0,20270314,0,20270320,0,20270321,0,20270327,0,20270328,0,20270403,0,20270404,0,20270405,1,20270406,1,20270407,1,20270408,1,20270409,1,20270410,0,20270411,0,20270412,1,20270413,1,20270414,1,20270415,1,20270416,1,20270417,0,20270418,0,20270424,0,20270425,0,20270501,0,20270501,2,20270502,0,20270507,1,20270508,0,20270508,2,20270509,0,20270515,0,20270516,0,20270522,0,20270523,0,20270529,0,20270530,0,20270605,0,20270606,0,20270612,0,20270613,0,20270619,0,20270620,0,20270626,0,20270627,0,20270703,0,20270704,0,20270705,1,20270706,1,20270707,1,20270708,1,20270709,1,20270710,0,20270711,0,20270712,1,20270713,1,20270715,1,20270716,1,20270717,0,20270718,0,20270719,1,20270720,1,20270721,1,20270722,1,20270723,1,20270724,0,20270725,0,20270726,1,20270727,1,20270728,1,20270729,1,20270730,1,20270731,0,20270801,0,20270802,1,20270803,1,20270804,1,20270805,1,20270806,1,20270807,0,20270808,0,20270809,1,20270810,1,20270811,1,20270812,1,20270813,1,20270814,0,20270815,0,20270815,2,20270816,1,20270817,1,20270818,1,20270819,1,20270820,1,20270821,0,20270822,0,20270823,1,20270824,1,20270825,1,20270826,1,20270827,1,20270828,0,20270829,0,20270830,1,20270831,1
'0e5131610429337c0530',20260907,0,20260914,0,20260921,0,20260928,0,20261005,0,20261012,0,20261019,0,20261019,2,20261026,0,20261026,2,20261102,0,20261109,0,20261116,0,20261123,0,20261130,0,20261207,0,20261214,0,20261221,0,20261221,2,20261228,0,20261228,2,20270104,0,20270111,0,20270118,0,20270125,0,20270201,0,20270208,0,20270208,2,20270215,0,20270215,2,20270222,0,20270301,0,20270308,0,20270315,0,20270322,0,20270329,0,20270329,2,20270405,0,20270405,2,20270412,0,20270412,2,20270419,0,20270426,0,20270503,0,20270510,0,20270517,0,20270517,2,20270524,0,20270531,0,20270607,0,20270614,0,20270621,0,20270628,0
'0e7f63234e1522252d2b',20260901,0,20260902,0,20260903,0,20260904,0,20260907,0,20260908,0,20260909,0,20260910,0,20260911,0,20260914,0,20260915,0,20260916,0,20260917,0,20260918,0,20260921,0,20260922,0,20260923,0,20260924,0,20260925,0,20260928,0,20260929,0,20260930,0,20261001,0,20261002,0,20261005,0,20261006,0,20261007,0,20261008,0,20261009,0,20261012,0,20261013,0,20261014,0,20261015,0,20261016,0,20261019,0,20261019,2,20261020,0,20261020,2,20261021,0,20261021,2,20261022,0,20261022,2,20261023,0,20261023,2,20261026,0,20261026,2,20261027,0,20261027,2,20261028,0,20261028,2,20261029,0,20261029,2,20261030,0,20261030,2,20261102,0,20261103,0,20261104,0,20261105,0,20261106,0,20261109,0,20261110,0,20261111,0,20261111,2,20261112,0,20261113,0,20261116,0,20261117,0,20261118,0,20261119,0,20261120,0,20261123,0,20261124,0,20261125,0,20261126,0,20261127,0,20261130,0,20261201,0,20261202,0,20261203,0,20261204,0,20261207,0,20261208,0,20261209,0,20261210,0,20261211,0,20261214,0,20261215,0,20261216,0,20261217,0,20261218,0,20261221,0,20261221,2,20261222,0,20261222,2,20261223,0,20261223,2,20261224,0,20261224,2,20261225,0,20261225,2,20261228,0,20261228,2,20261229,0,20261229,2,20261230,0,20261230,2,20261231,0,20261231,2,20270101,0,20270101,2,20270104,0,20270105,0,20270106,0,20270107,0,20270108,0,20270111,0,20270112,0,20270113,0,20270114,0,20270115,0,20270118,0,20270119,0,20270120,0,20270121,0,20270122,0,20270125,0,20270126,0,20270127,0,20270128,0,20270129,0,20270201,0,20270202,0,20270203,0,20270204,0,20270205,0,20270208,0,20270208,2,20270209,0,20270209,2,20270210,0,20270210,2,20270211,0,20270211,2,20270212,0,20270212,2,20270215,0,20270215,2,20270216,0,20270216,2,20270217,0,20270217,2,20270218,0,20270218,2,20270219,0,20270219,2,20270222,0,20270223,0,20270224,0,20270225,0,20270226,0,20270301,0,20270302,0,20270303,0,20270304,0,20270305,0,20270308,0,20270309,0,20270310,0,20270311,0,20270312,0,20270315,0,20270316,0,20270317,0,20270318,0,20270319,0,20270322,0,20270323,0,20270324,0,20270325,0,20270326,0,20270329,0,20270329,2,20270330,0,20270331,0,20270401,0,20270402,0,20270405,0,20270405,2,20270406,0,20270406,2,20270407,0,20270407,2,20270408,0,20270408,2,20270409,0,20270409,2,20270412,0,20270412,2,20270413,0,20270413,2,20270414,0,20270414,2,20270415,0,20270415,2,20270416,0,20270416,2,20270419,0,20270420,0,20270421,0,20270422,0,20270423,0,20270426,0,20270427,0,20270428,0,20270429,0,20270430,0,20270503,0,20270504,0,20270505,0,20270506,0,20270506,2,20270507,0,20270507,2,20270510,0,20270511,0,20270512,0,20270513,0,20270514,0,20270517,0,20270517,2,20270518,0,20270519,0,20270520,0,20270521,0,20270524,0,20270525,0,20270526,0,20270527,0,20270528,0,20270531,0,20270601,0,20270602,0,20270603,0,20270604,0,20270607,0,20270608,0,20270609,0,20270610,0,20270611,0,20270614,0,20270615,0,20270616,0,20270617,0,20270618,0,20270621,0,20270622,0,20270623,0,20270624,0,20270625,0,20270628,0,20270629,0,20270630,0,20270701,0,20270702,0
'1116161928273e7c640d',20260801,0,20260803,0,20260804,0,20260805,0,20260806,0,20260807,0,20260808,0,20260810,0,20260811,0,20260812,0,20260813,0,20260814,0,20260815,0,20260815,2,20260817,0,20260818,0,20260819,0,20260820,0,20260821,0,20260822,0,20260824,0,20260825,0,20260826,0,20260827,0,20260828,0,20260829,0,20260831,0
'14187635613e43612170',20260901,0,20260902,0,20260903,0,20260904,0,20260905,0,20260907,0,20260908,0,20260909,0,20260910,0,20260911,0,20260912,0,20260914,0,20260915,0,20260916,0,20260917,0,20260918,0,20260919,0,20260921,0,20260922,0,20260923,0,20260924,0,20260925,0,20260926,0,20260928,0,20260929,0,20260930,0,20261001,0,20261002,0,20261003,0,20261005,0,20261006,0,20261007,0,20261008,0,20261009,0,20261010,0,20261012,0,20261013,0,20261014,0,20261015,0,20261016,0,20261017,0,20261019,0,20261020,0,20261021,0,20261022,0,20261023,0,20261024,0,20261026,0,20261027,0,20261028,0,20261029,0,20261030,0,20261031,0,20261102,0,20261103,0,20261104,0,20261105,0,20261106,0,20261107,0,20261109,0,20261110,0,20261111,0,20261111,2,20261112,0,20261113,0,20261114,0,20261116,0,20261117,0,20261118,0,20261119,0,20261120,0,20261121,0,20261123,0,20261124,0,20261125,0,20261126,0,20261127,0,20261128,0,20261130,0,20261201,0,20261202,0,20261203,0,20261204,0,20261205,0,20261207,0,20261208,0,20261209,0,20261210,0,20261211,0,20261212,0,20261214,0,20261215,0,20261216,0,20261217,0,20261218,0,20261219,0,20261221,0,20261222,0,20261223,0,20261224,0,20261225,0,20261225,2,20261226,0,20261228,0,20261229,0,20261230,0,20261231,0,20270101,0,20270101,2,20270102,0,20270104,0,20270105,0,20270106,0,20270107,0,20270108,0,20270109,0,20270111,0,20270112,0,20270113,0,20270114,0,20270115,0,20270116,0,20270118,0,20270119,0,20270120,0,20270121,0,20270122,0,20270123,0,20270125,0,20270126,0,20270127,0,20270128,0,20270129,0,20270130,0,20270201,0,20270202,0,20270203,0,20270204,0,20270205,0,20270206,0,20270208,0,20270209,0,20270210,0,20270211,0,20270212,0,20270213,0,20270215,0,20270216,0,20270217,0,20270218,0,20270219,0,20270220,0,20270222,0,20270223,0,20270224,0,20270225,0,20270226,0,20270227,0,20270301,0,20270302,0,20270303,0,20270304,0,20270305,0,20270306,0,20270308,0,20270309,0,20270310,0,20270311,0,20270312,0,20270313,0,20270315,0,20270316,0,20270317,0,20270318,0,20270319,0,20270320,0,20270322,0,20270323,0,20270324,0,20270325,0,20270326,0,20270327,0,20270329,0,20270329,2,20270330,0,20270331,0,20270401,0,20270402,0,20270403,0,20270405,0,20270406,0,20270407,0,20270408,0,20270409,0,20270410,0,20270412,0,20270413,0,20270414,0,20270415,0,20270416,0,20270417,0,20270419,0,20270420,0,20270421,0,20270422,0,20270423,0,20270424,0,20270426,0,20270427,0,20270428,0,20270429,0,20270430,0,20270501,0,20270501,2,20270503,0,20270504,0,20270505,0,20270506,0,20270506,2,20270507,0,20270508,0,20270508,2,20270510,0,20270511,0,20270512,0,20270513,0,20270514,0,20270515,0,20270517,0,20270517,2,20270518,0,20270519,0,20270520,0,20270521,0,20270522,0,20270524,0,20270525,0,20270526,0,20270527,0,20270528,0,20270529,0,20270531,0,20270601,0,20270602,0,20270603,0,20270604,0,20270605,0,20270607,0,20270608,0,20270609,0,20270610,0,20270611,0,20270612,0,20270614,0,20270615,0,20270616,0,20270617,0,20270618,0,20270619,0,20270621,0,20270622,0,20270623,0,20270624,0,20270625,0,20270626,0,20270628,0,20270629,0,20270630,0,20270701,0,20270702,0
'170955693f37103b263c',20260901,0,20260902,0,20260903,0,20260904,0,20260907,0,20260908,0,20260909,0,20260910,0,20260911,0,20260914,0,20260915,0,20260916,0,20260917,0,20260918,0,20260921,0,20260922,0,20260923,0,20260924,0,20260925,0,20260928,0,20260929,0,20260930,0,20261001,0,20261002,0,20261005,0,20261006,0,20261007,0,20261008,0,20261009,0,20261012,0,20261013,0,20261014,0,20261015,0,20261016,0,20261019,0,20261019,2,20261020,0,20261020,2,20261021,0,20261021,2,20261022,0,20261022,2,20261023,0,20261023,2,20261026,0,20261026,2,20261027,0,20261027,2,20261028,0,20261028,2,20261029,0,20261029,2,20261030,0,20261030,2,20261102,0,20261103,0,20261104,0,20261105,0,20261106,0,20261109,0,20261110,0,20261111,0,20261111,2,20261112,0,20261113,0,20261116,0,20261117,0,20261118,0,20261119,0,20261120,0,20261123,0,20261124,0,20261125,0,20261126,0,20261127,0,20261130,0,20261201,0,20261202,0,20261203,0,20261204,0,20261207,0,20261208,0,20261209,0,20261210,0,20261211,0,20261214,0,20261215,0,20261216,0,20261217,0,20261218,0,20261221,0,20261221,2,20261222,0,20261222,2,20261223,0,20261223,2,20261224,0,20261224,2,20261225,0,20261225,2,20261228,0,20261228,2,20261229,0,20261229,2,20261230,0,20261230,2,20261231,0,20261231,2,20270101,0,20270101,2,20270104,0,20270105,0,20270106,0,20270107,0,20270108,0,20270111,0,20270112,0,20270113,0,20270114,0,20270115,0,20270118,0,20270119,0,20270120,0,20270121,0,20270122,0,20270125,0,20270126,0,20270127,0,20270128,0,20270129,0,20270201,0,20270202,0,20270203,0,20270204,0,20270205,0,20270208,0,20270208,2,20270209,0,20270209,2,20270210,0,20270210,2,20270211,0,20270211,2,20270212,0,20270212,2,20270215,0,20270215,2,20270216,0,20270216,2,20270217,0,20270217,2,20270218,0,20270218,2,20270219,0,20270219,2,20270222,0,20270223,0,20270224,0,20270225,0,20270226,0,20270301,0,20270302,0,20270303,0,20270304,0,20270305,0,20270308,0,20270309,0,20270310,0,20270311,0,20270312,0,20270315,0,20270316,0,20270317,0,20270318,0,20270319,0,20270322,0,20270323,0,20270324,0,20270325,0,20270326,0,20270329,0,20270329,2,20270330,0,20270331,0,20270401,0,20270402,0,20270405,0,20270405,2,20270406,0,20270406,2,20270407,0,20270407,2,20270408,0,20270408,2,20270409,0,20270409,2,20270412,0,20270412,2,20270413,0,20270413,2,20270414,0,20270414,2,20270415,0,20270415,2,20270416,0,20270416,2,20270419,0,20270420,0,20270421,0,20270422,0,20270423,0,20270426,0,20270427,0,20270428,0,20270429,0,20270430,0,20270503,0,20270504,0,20270505,0,20270506,0,20270506,2,20270507,0,20270507,2,20270510,0,20270511,0,20270512,0,20270513,0,20270514,0,20270517,0,20270517,2,20270518,0,20270519,0,20270520,0,20270521,0,20270524,0,20270525,0,20270526,0,20270527,0,20270528,0,20270531,0,20270601,0,20270602,0,20270603,0,20270604,0,20270607,0,20270608,0,20270609,0,20270610,0,20270611,0,20270614,0,20270615,0,20270616,0,20270617,0,20270618,0,20270621,0,20270622,0,20270623,0,20270624,0,20270625,0,20270628,0,20270629,0,20270630,0,20270701,0,20270702,0
'183c4e6962076a683377',20260905,0,20260906,0,20260912,0,20260913,0,20260919,0,20260920,0
'1a20552b5a400f716a1b',20260802,0,20260809,0,20260815,1,20260816,0,20260823,0,20260830,0
'1a223768176411647430',20260902,0,20260905,0,20260909,0,20260912,0,20260916,0,20260919,0,20260923,0,20260926,0,20260930,0,20261003,0,20261007,0,20261010,0,20261014,0,20261017,0,20261017,2,20261021,0,20261021,2,20261024,0,20261024,2,20261028,0,20261028,2,20261031,0,20261031,2,20261104,0,20261107,0,20261111,0,20261111,2,20261114,0,20261118,0,20261121,0,20261125,0,20261128,0,20261202,0,20261205,0,20261209,0,20261212,0,20261216,0,20261219,0,20261219,2,20261223,0,20261223,2,20261226,0,20261226,2,20261230,0,20261230,2,20270102,0,20270102,2,20270106,0,20270109,0,20270113,0,20270116,0,20270120,0,20270123,0,20270127,0,20270130,0,20270203,0,20270206,0,20270206,2,20270210,0,20270210,2,20270213,0,20270213,2,20270217,0,20270217,2,20270220,0,20270220,2,20270224,0,20270227,0,20270303,0,20270306,0,20270310,0,20270313,0,20270317,0,20270320,0,20270324,0,20270327,0,20270331,0,20270403,0,20270403,2,20270407,0,20270407,2,20270410,0,20270410,2,20270414,0,20270414,2,20270417,0,20270417,2,20270421,0,20270424,0,20270428,0,20270501,0,20270501,2,20270505,0,20270508,0,20270508,2,20270512,0,20270515,0,20270519,0,20270522,0,20270526,0,20270529,0,20270602,0,20270605,0,20270609,0,20270612,0,20270616,0,20270619,0,20270623,0,20270626,0,20270630,0
'1a3e365f147a09254f76',20260801,0,20260802,0,20260803,0,20260804,0,20260805,0,20260806,0,20260807,0,20260808,0,20260809,0,20260810,0,20260811,0,20260812,0,20260813,0,20260814,0,20260815,0,20260816,0,20260817,0,20260818,0,20260819,0,20260820,0,20260821,0,20260822,0,20260823,0,20260824,0,20260825,0,20260826,0,20260827,0,20260828,0,20260829,0,20260830,0,20260831,0
'1c2e3625233d01453772',20260901,0,20260902,0,20260903,0,20260904,0,20260907,0,20260908,0,20260909,0,20260910,0,20260911,0,20260914,0,20260915,0,20260916,0,20260917,0,20260918,0,20260921,0,20260922,0,20260923,0,20260924,0,20260925,0,20260928,0,20260929,0,20260930,0,20261001,0,20261002,0,20261005,0,20261006,0,20261007,0,20261008,0,20261009,0,20261012,0,20261013,0,20261014,0,20261015,0,20261016,0,20261019,0,20261020,0,20261021,0,20261022,0,20261023,0,20261026,0,20261027,0,20261028,0,20261029,0,20261030,0,20261102,0,20261103,0,20261104,0,20261105,0,20261106,0,20261109,0,20261110,0,20261111,0,20261111,2,20261112,0,20261113,0,20261116,0,20261117,0,20261118,0,20261119,0,20261120,0,20261123,0,20261124,0,20261125,0,20261126,0,20261127,0,20261130,0,20261201,0,20261202,0,20261203,0,20261204,0,20261207,0,20261208,0,20261209,0,20261210,0,20261211,0,20261214,0,20261215,0,20261216,0,20261217,0,20261218,0,20261221,0,20261222,0,20261223,0,20261224,0,20261225,0,20261225,2,20261228,0,20261229,0,20261230,0,20261231,0,20270101,0,20270101,2,20270104,0,20270105,0,20270106,0,20270107,0,20270108,0,20270111,0,20270112,0,20270113,0,20270114,0,20270115,0,20270118,0,20270119,0,20270120,0,20270121,0,20270122,0,20270125,0,20270126,0,20270127,0,20270128,0,20270129,0,20270201,0,20270202,0,20270203,0,20270204,0,20270205,0,20270208,0,20270209,0,20270210,0,20270211,0,20270212,0,20270215,0,20270216,0,20270217,0,20270218,0,20270219,0,20270222,0,20270223,0,20270224,0,20270225,0,20270226,0,20270301,0,20270302,0,20270303,0,20270304,0,20270305,0,20270308,0,20270309,0,20270310,0,20270311,0,20270312,0,20270315,0,20270316,0,20270317,0,20270318,0,20270319,0,20270322,0,20270323,0,20270324,0,20270325,0,20270326,0,20270329,0,20270329,2,20270330,0,20270331,0,20270401,0,20270402,0,20270405,0,20270406,0,20270407,0,20270408,0,20270409,0,20270412,0,20270413,0,20270414,0,20270415,0,20270416,0,20270419,0,20270420,0,20270421,0,20270422,0,20270423,0,20270426,0,20270427,0,20270428,0,20270429,0,20270430,0,20270503,0,20270504,0,20270505,0,20270506,0,20270506,2,20270507,0,20270510,0,20270511,0,20270512,0,20270513,0,20270514,0,20270517,0,20270517,2,20270518,0,20270519,0,20270520,0,20270521,0,20270524,0,20270525,0,20270526,0,20270527,0,20270528,0,20270531,0,20270601,0,20270602,0,20270603,0,20270604,0,20270607,0,20270608,0,20270609,0,20270610,0,20270611,0,20270614,0,20270615,0,20270616,0,20270617,0,20270618,0,20270621,0,20270622,0,20270623,0,20270624,0,20270625,0,20270628,0,20270629,0,20270630,0,20270701,0,20270702,0,20270705,0,20270706,0,20270707,0,20270708,0,20270709,0,20270712,0,20270713,0,20270714,0,20270714,2,20270715,0,20270716,0,20270719,0,20270720,0,20270721,0,20270722,0,20270723,0,20270726,0,20270727,0,20270728,0,20270729,0,20270730,0,20270802,0,20270803,0,20270804,0,20270805,0,20270806,0,20270809,0,20270810,0,20270811,0,20270812,0,20270813,0,20270816,0,20270817,0,20270818,0,20270819,0,20270820,0,20270823,0,20270824,0,20270825,0,20270826,0,20270827,0,20270830,0,20270831,0
'1e10375f42313a246a18',20260803,0,20260804,0,20260805,0,20260806,0,20260807,0,20260810,0,20260811,0,20260812,0,20260813,0,20260814,0,20260817,0,20260818,0,20260819,0,20260820,0,20260821,0,20260824,0,20260825,0,20260826,0,20260827,0,20260828,0,20260831,0
'1e6d1568513c2d7c4645',20260801,0,20260803,0,20260804,0,20260805,0,20260806,0,20260807,0,20260808,0,20260810,0,20260811,0,20260812,0,20260813,0,20260814,0,20260815,0,20260815,2,20260817,0,20260818,0,20260819,0,20260820,0,20260821,0,20260822,0,20260824,0,20260825,0,20260826,0,20260827,0,20260828,0,20260829,0,20260831,0
'1f5759673f12020b0a50',20260905,0,20260912,0,20260919,0,20260926,0,20261003,0,20261010,0,20261017,0,20261024,0,20261031,0,20261107,0,20261114,0,20261121,0,20261128,0,20261205,0,20261212,0,20261219,0,20261226,0,20270102,0,20270109,0,20270116,0,20270123,0,20270130,0,20270206,0,20270213,0,20270220,0,20270227,0,20270306,0,20270313,0,20270320,0,20270327,0,20270403,0,20270410,0,20270417,0,20270424,0,20270501,0,20270501,2,20270508,0,20270508,2,20270515,0,20270522,0,20270529,0,20270605,0,20270612,0,20270619,0,20270626,0,20270703,0,20270710,0,20270717,0,20270724,0,20270731,0,20270807,0,20270814,0,20270821,0,20270828,0
'20650565243b6617121a',20260906,0,20260913,0,20260920,0,20260927,0,20261004,0,20261011,0,20261018,0,20261025,0,20261101,0,20261101,2,20261108,0,20261115,0,20261122,0,20261129,0,20261206,0,20261213,0,20261220,0,20261227,0,20270103,0,20270110,0,20270117,0,20270124,0,20270131,0,20270207,0,20270214,0,20270221,0,20270228,0,20270307,0,20270314,0,20270321,0,20270328,0,20270404,0,20270411,0,20270418,0,20270425,0,20270502,0,20270509,0,20270516,0,20270523,0,20270530,0,20270606,0,20270613,0,20270620,0,20270627,0,20270704,0,20270711,0,20270718,0,20270725,0,20270801,0,20270808,0,20270815,0,20270815,2,20270822,0,20270829,0
'21348036572150140d13',20260801,0,20260808,0,20260815,0,20260815,2,20260822,0,20260829,0,20260905,0,20260912,0,20260919,0,20260926,0,20261003,0,20261010,0,20261017,0,20261024,0,20261031,0,20261107,0,20261114,0,20261121,0,20261128,0,20261205,0,20261212,0,20261219,0,20261226,0,20270102,0,20270109,0,20270116,0,20270123,0,20270130,0,20270206,0,20270213,0,20270220,0,20270227,0,20270306,0,20270313,0,20270320,0,20270327,0,20270403,0,20270410,0,20270417,0,20270424,0,20270501,0,20270501,2,20270508,0,20270508,2,20270515,0,20270522,0,20270529,0,20270605,0,20270612,0,20270619,0,20270626,0,20270703,0,20270710,0,20270717,0,20270724,0,20270731,0,20270807,0,20270814,0,20270821,0,20270828,0
'2173665b1e6d5b0e5d56',20260801,0,20260808,0,20260815,0,20260815,2,20260822,0,20260829,0
'220e7e723c71704c1463',20260801,0,20260803,0,20260804,0,20260805,0,20260806,0,20260807,0,20260808,0,20260810,0,20260811,0,20260812,0,20260813,0,20260814,0,20260815,0,20260815,2,20260817,0,20260818,0,20260819,0,20260820,0,20260821,0,20260822,0,20260824,0,20260825,0,20260826,0,20260827,0,20260828,0,20260829,0,20260831,0
'2311364d4002233c7b7e',20260901,0,20260902,0,20260903,0,20260904,0,20260905,0,20260907,0,20260908,0,20260909,0,20260910,0,20260911,0,20260912,0,20260914,0,20260915,0,20260916,0,20260917,0,20260918,0,20260919,0,20260921,0,20260922,0,20260923,0,20260924,0,20260925,0,20260926,0,20260928,0,20260929,0,20260930,0,20261001,0,20261002,0,20261003,0,20261005,0,20261006,0,20261007,0,20261008,0,20261009,0,20261010,0,20261012,0,20261013,0,20261014,0,20261015,0,20261016,0,20261017,0,20261017,2,20261019,0,20261019,2,20261020,0,20261020,2,20261021,0,20261021,2,20261022,0,20261022,2,20261023,0,20261023,2,20261024,0,20261024,2,20261026,0,20261026,2,20261027,0,20261027,2,20261028,0,20261028,2,20261029,0,20261029,2,20261030,0,20261030,2,20261031,0,20261031,2,20261102,0,20261103,0,20261104,0,20261105,0,20261106,0,20261107,0,20261109,0,20261110,0,20261111,0,20261111,2,20261112,0,20261113,0,20261114,0,20261116,0,20261117,0,20261118,0,20261119,0,20261120,0,20261121,0,20261123,0,20261124,0,20261125,0,20261126,0,20261127,0,20261128,0,20261130,0,20261201,0,20261202,0,20261203,0,20261204,0,20261205,0,20261207,0,20261208,0,20261209,0,20261210,0,20261211,0,20261212,0,20261214,0,20261215,0,20261216,0,20261217,0,20261218,0,20261219,0,20261219,2,20261221,0,20261221,2,20261222,0,20261222,2,20261223,0,20261223,2,20261224,0,20261224,2,20261225,0,20261225,2,20261226,0,20261226,2,20261228,0,20261228,2,20261229,0,20261229,2,20261230,0,20261230,2,20261231,0,20261231,2,20270101,0,20270101,2,20270102,0,20270102,2,20270104,0,20270105,0,20270106,0,20270107,0,20270108,0,20270109,0,20270111,0,20270112,0,20270113,0,20270114,0,20270115,0,20270116,0,20270118,0,20270119,0,20270120,0,20270121,0,20270122,0,20270123,0,20270125,0,20270126,0,20270127,0,20270128,0,20270129,0,20270130,0,20270201,0,20270202,0,20270203,0,20270204,0,20270205,0,20270206,0,20270206,2,20270208,0,20270208,2,20270209,0,20270209,2,20270210,0,20270210,2,20270211,0,20270211,2,20270212,0,20270212,2,20270213,0,20270213,2,20270215,0,20270215,2,20270216,0,20270216,2,20270217,0,20270217,2,20270218,0,20270218,2,20270219,0,20270219,2,20270220,0,20270220,2,20270222,0,20270223,0,20270224,0,20270225,0,20270226,0,20270227,0,20270301,0,20270302,0,20270303,0,20270304,0,20270305,0,20270306,0,20270308,0,20270309,0,20270310,0,20270311,0,20270312,0,20270313,0,20270315,0,20270316,0,20270317,0,20270318,0,20270319,0,20270320,0,20270322,0,20270323,0,20270324,0,20270325,0,20270326,0,20270327,0,20270329,0,20270329,2,20270330,0,20270331,0,20270401,0,20270402,0,20270403,0,20270403,2,20270405,0,20270405,2,20270406,0,20270406,2,20270407,0,20270407,2,20270408,0,20270408,2,20270409,0,20270409,2,20270410,0,20270410,2,20270412,0,20270412,2,20270413,0,20270413,2,20270414,0,20270414,2,20270415,0,20270415,2,20270416,0,20270416,2,20270417,0,20270417,2,20270419,0,20270420,0,20270421,0,20270422,0,20270423,0,20270424,0,20270426,0,20270427,0,20270428,0,20270429,0,20270430,0,20270501,0,20270501,2,20270503,0,20270504,0,20270505,0,20270506,0,20270506,2,20270507,0,20270507,2,20270508,0,20270508,2,20270510,0,20270511,0,20270512,0,20270513,0,20270514,0,20270515,0,20270517,0,20270517,2,20270518,0,20270519,0,20270520,0,20270521,0,20270522,0,20270524,0,20270525,0,20270526,0,20270527,0,20270528,0,20270529,0,20270531,0,20270601,0,20270602,0,20270603,0,20270604,0,20270605,0,20270607,0,20270608,0,20270609,0,20270610,0,20270611,0,20270612,0,20270614,0,20270615,0,20270616,0,20270617,0,20270618,0,20270619,0,20270621,0,20270622,0,20270623,0,20270624,0,20270625,0,20270626,0,20270628,0,20270629,0,20270630,0,20270701,0,20270702,0
'25777823694722663154',20260801,0,20260803,0,20260804,0,20260805,0,20260806,0,20260807,0,20260808,0,20260810,0,20260811,0,20260812,0,20260813,0,20260814,0,20260815,0,20260815,2,20260817,0,20260818,0,20260819,0,20260820,0,20260821,0,20260822,0,20260824,0,20260825,0,20260826,0,20260827,0,20260828,0,20260829,0,20260831,0,20260901,0,20260902,0,20260903,0,20260904,0,20260905,0,20260907,0,20260908,0,20260909,0,20260910,0,20260911,0,20260912,0,20260914,0,20260915,0,20260916,0,20260917,0,20260918,0,20260919,0,20260921,0,20260922,0,20260923,0,20260924,0,20260925,0,20260926,0,20260928,0,20260929,0,20260930,0,20261001,0,20261002,0,20261003,0,20261005,0,20261006,0,20261007,0,20261008,0,20261009,0,20261010,0,20261012,0,20261013,0,20261014,0,20261015,0,20261016,0,20261017,0,20261019,0,20261020,0,20261021,0,20261022,0,20261023,0,20261024,0,20261026,0,20261027,0,20261028,0,20261029,0,20261030,0,20261031,0,20261102,0,20261103,0,20261104,0,20261105,0,20261106,0,20261107,0,20261109,0,20261110,0,20261111,0,20261111,2,20261112,0,20261113,0,20261114,0,20261116,0,20261117,0,20261118,0,20261119,0,20261120,0,20261121,0,20261123,0,20261124,0,20261125,0,20261126,0,20261127,0,20261128,0,20261130,0,20261201,0,20261202,0,20261203,0,20261204,0,20261205,0,20261207,0,20261208,0,20261209,0,20261210,0,20261211,0,20261212,0,20261214,0,20261215,0,20261216,0,20261217,0,20261218,0,20261219,0,20261221,0,20261222,0,20261223,0,20261224,0,20261225,0,20261225,2,20261226,0,20261228,0,20261229,0,20261230,0,20261231,0,20270101,0,20270101,2,20270102,0,20270104,0,20270105,0,20270106,0,20270107,0,20270108,0,20270109,0,20270111,0,20270112,0,20270113,0,20270114,0,20270115,0,20270116,0,20270118,0,20270119,0,20270120,0,20270121,0,20270122,0,20270123,0,20270125,0,20270126,0,20270127,0,20270128,0,20270129,0,20270130,0,20270201,0,20270202,0,20270203,0,20270204,0,20270205,0,20270206,0,20270208,0,20270209,0,20270210,0,20270211,0,20270212,0,20270213,0,20270215,0,20270216,0,20270217,0,20270218,0,20270219,0,20270220,0,20270222,0,20270223,0,20270224,0,20270225,0,20270226,0,20270227,0,20270301,0,20270302,0,20270303,0,20270304,0,20270305,0,20270306,0,20270308,0,20270309,0,20270310,0,20270311,0,20270312,0,20270313,0,20270315,0,20270316,0,20270317,0,20270318,0,20270319,0,20270320,0,20270322,0,20270323,0,20270324,0,20270325,0,20270326,0,20270327,0,20270329,0,20270329,2,20270330,0,20270331,0,20270401,0,20270402,0,20270403,0,20270405,0,20270406,0,20270407,0,20270408,0,20270409,0,20270410,0,20270412,0,20270413,0,20270414,0,20270415,0,20270416,0,20270417,0,20270419,0,20270420,0,20270421,0,20270422,0,20270423,0,20270424,0,20270426,0,20270427,0,20270428,0,20270429,0,20270430,0,20270501,0,20270501,2,20270503,0,20270504,0,20270505,0,20270506,0,20270506,2,20270507,0,20270508,0,20270508,2,20270510,0,20270511,0,20270512,0,20270513,0,20270514,0,20270515,0,20270517,0,20270517,2,20270518,0,20270519,0,20270520,0,20270521,0,20270522,0,20270524,0,20270525,0,20270526,0,20270527,0,20270528,0,20270529,0,20270531,0,20270601,0,20270602,0,20270603,0,20270604,0,20270605,0,20270607,0,20270608,0,20270609,0,20270610,0,20270611,0,20270612,0,20270614,0,20270615,0,20270616,0,20270617,0,20270618,0,20270619,0,20270621,0,20270622,0,20270623,0,20270624,0,20270625,0,20270626,0,20270628,0,20270629,0,20270630,0,20270701,0,20270702,0,20270703,0,20270705,0,20270706,0,20270707,0,20270708,0,20270709,0,20270710,0,20270712,0,20270713,0,20270714,0,20270714,2,20270715,0,20270716,0,20270717,0,20270719,0,20270720,0,20270721,0,20270722,0,20270723,0,20270724,0,20270726,0,20270727,0,20270728,0,20270729,0,20270730,0,20270731,0,20270802,0,20270803,0,20270804,0,20270805,0,20270806,0,20270807,0,20270809,0,20270810,0,20270811,0,20270812,0,20270813,0,20270814,0,20270816,0,20270817,0,20270818,0,20270819,0,20270820,0,20270821,0,20270823,0,20270824,0,20270825,0,20270826,0,20270827,0,20270828,0,20270830,0,20270831,0
'2a07413a310346436a66',20261019,1,20261020,1,20261021,1,20261022,1,20261023,1,20261026,1,20261027,1,20261028,1,20261029,1,20261030,1,20261221,1,20261222,1,20261223,1,20261224,1,20261228,1,20261229,1,20261230,1,20261231,1,20270208,1,20270209,1,20270210,1,20270211,1,20270212,1,20270215,1,20270216,1,20270217,1,20270218,1,20270219,1,20270405,1,20270406,1,20270407,1,20270408,1,20270409,1,20270412,1,20270413,1,20270414,1,20270415,1,20270416,1,20270507,1
'2a08755845643968295b',20260803,0,20260804,0,20260805,0,20260806,0,20260807,0,20260810,0,20260811,0,20260812,0,20260813,0,20260814,0,20260817,0,20260818,0,20260819,0,20260820,0,20260821,0,20260824,0,20260825,0,20260826,0,20260827,0,20260828,0,20260831,0
'2a21514a4e2b3103627a',20260901,0,20260902,0,20260903,0,20260904,0,20260907,0,20260908,0,20260909,0,20260910,0,20260911,0,20260914,0,20260915,0,20260916,0,20260917,0,20260918,0,20260921,0,20260922,0,20260923,0,20260924,0,20260925,0,20260928,0,20260929,0,20260930,0,20261001,0,20261002,0,20261005,0,20261006,0,20261007,0,20261008,0,20261009,0,20261012,0,20261013,0,20261014,0,20261015,0,20261016,0,20261019,0,20261020,0,20261021,0,20261022,0,20261023,0,20261026,0,20261027,0,20261028,0,20261029,0,20261030,0,20261102,0,20261103,0,20261104,0,20261105,0,20261106,0,20261109,0,20261110,0,20261111,0,20261111,2,20261112,0,20261113,0,20261116,0,20261117,0,20261118,0,20261119,0,20261120,0,20261123,0,20261124,0,20261125,0,20261126,0,20261127,0,20261130,0,20261201,0,20261202,0,20261203,0,20261204,0,20261207,0,20261208,0,20261209,0,20261210,0,20261211,0,20261214,0,20261215,0,20261216,0,20261217,0,20261218,0,20261221,0,20261222,0,20261223,0,20261224,0,20261225,0,20261225,2,20261228,0,20261229,0,20261230,0,20261231,0,20270101,0,20270101,2,20270104,0,20270105,0,20270106,0,20270107,0,20270108,0,20270111,0,20270112,0,20270113,0,20270114,0,20270115,0,20270118,0,20270119,0,20270120,0,20270121,0,20270122,0,20270125,0,20270126,0,20270127,0,20270128,0,20270129,0,20270201,0,20270202,0,20270203,0,20270204,0,20270205,0,20270208,0,20270209,0,20270210,0,20270211,0,20270212,0,20270215,0,20270216,0,20270217,0,20270218,0,20270219,0,20270222,0,20270223,0,20270224,0,20270225,0,20270226,0,20270301,0,20270302,0,20270303,0,20270304,0,20270305,0,20270308,0,20270309,0,20270310,0,20270311,0,20270312,0,20270315,0,20270316,0,20270317,0,20270318,0,20270319,0,20270322,0,20270323,0,20270324,0,20270325,0,20270326,0,20270329,0,20270329,2,20270330,0,20270331,0,20270401,0,20270402,0,20270405,0,20270406,0,20270407,0,20270408,0,20270409,0,20270412,0,20270413,0,20270414,0,20270415,0,20270416,0,20270419,0,20270420,0,20270421,0,20270422,0,20270423,0,20270426,0,20270427,0,20270428,0,20270429,0,20270430,0,20270503,0,20270504,0,20270505,0,20270506,0,20270506,2,20270507,0,20270510,0,20270511,0,20270512,0,20270513,0,20270514,0,20270517,0,20270517,2,20270518,0,20270519,0,20270520,0,20270521,0,20270524,0,20270525,0,20270526,0,20270527,0,20270528,0,20270531,0,20270601,0,20270602,0,20270603,0,20270604,0,20270607,0,20270608,0,20270609,0,20270610,0,20270611,0,20270614,0,20270615,0,20270616,0,20270617,0,20270618,0,20270621,0,20270622,0,20270623,0,20270624,0,20270625,0,20270628,0,20270629,0,20270630,0,20270701,0,20270702,0,20270703,1,20270705,0,20270706,0,20270707,0,20270708,0,20270709,0,20270710,1,20270712,0,20270713,0,20270714,0,20270714,2,20270715,0,20270716,0,20270717,1,20270719,0,20270720,0,20270721,0,20270722,0,20270723,0,20270724,1,20270726,0,20270727,0,20270728,0,20270729,0,20270730,0,20270731,1,20270802,0,20270803,0,20270804,0,20270805,0,20270806,0,20270807,1,20270809,0,20270810,0,20270811,0,20270812,0,20270813,0,20270814,1,20270816,0,20270817,0,20270818,0,20270819,0,20270820,0,20270821,1,20270823,0,20270824,0,20270825,0,20270826,0,20270827,0,20270828,1,20270830,0,20270831,0
'2e744659565834702613',20260802,0,20260809,0,20260816,0,20260823,0,20260830,0,20260906,0,20260913,0,20260920,0,20260927,0,20261004,0,20261011,0,20261018,0,20261025,0,20261101,0,20261101,2,20261108,0,20261115,0,20261122,0,20261129,0,20261206,0,20261213,0,20261220,0,20261227,0,20270103,0,20270110,0,20270117,0,20270124,0,20270131,0,20270207,0,20270214,0,20270221,0,20270228,0,20270307,0,20270314,0,20270321,0,20270328,0,20270404,0,20270411,0,20270418,0,20270425,0,20270502,0,20270509,0,20270516,0,20270523,0,20270530,0,20270606,0,20270613,0,20270620,0,20270627,0,20270704,0,20270711,0,20270718,0,20270725,0,20270801,0,20270808,0,20270815,0,20270815,2,20270822,0,20270829,0
'31744f7e5638320a2d4c',20260902,0,20260909,0,20260916,0,20260923,0,20260930,0,20261007,0,20261014,0,20261021,0,20261021,2,20261028,0,20261028,2,20261104,0,20261111,0,20261111,2,20261118,0,20261125,0,20261202,0,20261209,0,20261216,0,20261223,0,20261223,2,20261230,0,20261230,2,20270106,0,20270113,0,20270120,0,20270127,0,20270203,0,20270210,0,20270210,2,20270217,0,20270217,2,20270224,0,20270303,0,20270310,0,20270317,0,20270324,0,20270331,0,20270407,0,20270407,2,20270414,0,20270414,2,20270421,0,20270428,0,20270505,0,20270512,0,20270519,0,20270526,0,20270602,0,20270609,0,20270616,0,20270623,0,20270630,0
'3405324d4148757b0d18',20260901,0,20260903,0,20260904,0,20260905,0,20260907,0,20260908,0,20260910,0,20260911,0,20260912,0,20260914,0,20260915,0,20260917,0,20260918,0,20260919,0,20260921,0,20260922,0,20260924,0,20260925,0,20260926,0,20260928,0,20260929,0,20261001,0,20261002,0,20261003,0,20261005,0,20261006,0,20261008,0,20261009,0,20261010,0,20261012,0,20261013,0,20261015,0,20261016,0,20261017,0,20261017,2,20261019,0,20261019,2,20261020,0,20261020,2,20261022,0,20261022,2,20261023,0,20261023,2,20261024,0,20261024,2,20261026,0,20261026,2,20261027,0,20261027,2,20261029,0,20261029,2,20261030,0,20261030,2,20261031,0,20261031,2,20261102,0,20261103,0,20261105,0,20261106,0,20261107,0,20261109,0,20261110,0,20261112,0,20261113,0,20261114,0,20261116,0,20261117,0,20261119,0,20261120,0,20261121,0,20261123,0,20261124,0,20261126,0,20261127,0,20261128,0,20261130,0,20261201,0,20261203,0,20261204,0,20261205,0,20261207,0,20261208,0,20261210,0,20261211,0,20261212,0,20261214,0,20261215,0,20261217,0,20261218,0,20261219,0,20261219,2,20261221,0,20261221,2,20261222,0,20261222,2,20261224,0,20261224,2,20261225,0,20261225,2,20261226,0,20261226,2,20261228,0,20261228,2,20261229,0,20261229,2,20261231,0,20261231,2,20270101,0,20270101,2,20270102,0,20270102,2,20270104,0,20270105,0,20270107,0,20270108,0,20270109,0,20270111,0,20270112,0,20270114,0,20270115,0,20270116,0,20270118,0,20270119,0,20270121,0,20270122,0,20270123,0,20270125,0,20270126,0,20270128,0,20270129,0,20270130,0,20270201,0,20270202,0,20270204,0,20270205,0,20270206,0,20270206,2,20270208,0,20270208,2,20270209,0,20270209,2,20270211,0,20270211,2,20270212,0,20270212,2,20270213,0,20270213,2,20270215,0,20270215,2,20270216,0,20270216,2,20270218,0,20270218,2,20270219,0,20270219,2,20270220,0,20270220,2,20270222,0,20270223,0,20270225,0,20270226,0,20270227,0,20270301,0,20270302,0,20270304,0,20270305,0,20270306,0,20270308,0,20270309,0,20270311,0,20270312,0,20270313,0,20270315,0,20270316,0,20270318,0,20270319,0,20270320,0,20270322,0,20270323,0,20270325,0,20270326,0,20270327,0,20270329,0,20270329,2,20270330,0,20270401,0,20270402,0,20270403,0,20270403,2,20270405,0,20270405,2,20270406,0,20270406,2,20270408,0,20270408,2,20270409,0,20270409,2,20270410,0,20270410,2,20270412,0,20270412,2,20270413,0,20270413,2,20270415,0,20270415,2,20270416,0,20270416,2,20270417,0,20270417,2,20270419,0,20270420,0,20270422,0,20270423,0,20270424,0,20270426,0,20270427,0,20270429,0,20270430,0,20270501,0,20270501,2,20270503,0,20270504,0,20270506,0,20270506,2,20270507,0,20270507,2,20270508,0,20270508,2,20270510,0,20270511,0,20270513,0,20270514,0,20270515,0,20270517,0,20270517,2,20270518,0,20270520,0,20270521,0,20270522,0,20270524,0,20270525,0,20270527,0,20270528,0,20270529,0,20270531,0,20270601,0,20270603,0,20270604,0,20270605,0,20270607,0,20270608,0,20270610,0,20270611,0,20270612,0,20270614,0,20270615,0,20270617,0,20270618,0,20270619,0,20270621,0,20270622,0,20270624,0,20270625,0,20270626,0,20270628,0,20270629,0,20270701,0,20270702,0
'376716333d6b5549201f',20260803,0,20260804,0,20260805,0,20260806,0,20260807,0,20260810,0,20260811,0,20260812,0,20260813,0,20260814,0,20260817,0,20260818,0,20260819,0,20260820,0,20260821,0,20260824,0,20260825,0,20260826,0,20260827,0,20260828,0,20260831,0,20260901,0,20260902,0,20260903,0,20260904,0,20260907,0,20260908,0,20260909,0,20260910,0,20260911,0,20260914,0,20260915,0,20260916,0,20260917,0,20260918,0,20260921,0,20260922,0,20260923,0,20260924,0,20260925,0,20260928,0,20260929,0,20260930,0,20261001,0,20261002,0,20261005,0,20261006,0,20261007,0,20261008,0,20261009,0,20261012,0,20261013,0,20261014,0,20261015,0,20261016,0,20261019,0,20261020,0,20261021,0,20261022,0,20261023,0,20261026,0,20261027,0,20261028,0,20261029,0,20261030,0,20261102,0,20261103,0,20261104,0,20261105,0,20261106,0,20261109,0,20261110,0,20261111,0,20261111,2,20261112,0,20261113,0,20261116,0,20261117,0,20261118,0,20261119,0,20261120,0,20261123,0,20261124,0,20261125,0,20261126,0,20261127,0,20261130,0,20261201,0,20261202,0,20261203,0,20261204,0,20261207,0,20261208,0,20261209,0,20261210,0,20261211,0,20261214,0,20261215,0,20261216,0,20261217,0,20261218,0,20261221,0,20261222,0,20261223,0,20261224,0,20261225,0,20261225,2,20261228,0,20261229,0,20261230,0,20261231,0,20270101,0,20270101,2,20270104,0,20270105,0,20270106,0,20270107,0,20270108,0,20270111,0,20270112,0,20270113,0,20270114,0,20270115,0,20270118,0,20270119,0,20270120,0,20270121,0,20270122,0,20270125,0,20270126,0,20270127,0,20270128,0,20270129,0,20270201,0,20270202,0,20270203,0,20270204,0,20270205,0,20270208,0,20270209,0,20270210,0,20270211,0,20270212,0,20270215,0,20270216,0,20270217,0,20270218,0,20270219,0,20270222,0,20270223,0,20270224,0,20270225,0,20270226,0,20270301,0,20270302,0,20270303,0,20270304,0,20270305,0,20270308,0,20270309,0,20270310,0,20270311,0,20270312,0,20270315,0,20270316,0,20270317,0,20270318,0,20270319,0,20270322,0,20270323,0,20270324,0,20270325,0,20270326,0,20270329,0,20270329,2,20270330,0,20270331,0,20270401,0,20270402,0,20270405,0,20270406,0,20270407,0,20270408,0,20270409,0,20270412,0,20270413,0,20270414,0,20270415,0,20270416,0,20270419,0,20270420,0,20270421,0,20270422,0,20270423,0,20270426,0,20270427,0,20270428,0,20270429,0,20270430,0,20270503,0,20270504,0,20270505,0,20270506,0,20270506,2,20270507,0,20270510,0,20270511,0,20270512,0,20270513,0,20270514,0,20270517,0,20270517,2,20270518,0,20270519,0,20270520,0,20270521,0,20270524,0,20270525,0,20270526,0,20270527,0,20270528,0,20270531,0,20270601,0,20270602,0,20270603,0,20270604,0,20270607,0,20270608,0,20270609,0,20270610,0,20270611,0,20270614,0,20270615,0,20270616,0,20270617,0,20270618,0,20270621,0,20270622,0,20270623,0,20270624,0,20270625,0,20270628,0,20270629,0,20270630,0,20270701,0,20270702,0,20270705,0,20270706,0,20270707,0,20270708,0,20270709,0,20270712,0,20270713,0,20270714,0,20270714,2,20270715,0,20270716,0,20270719,0,20270720,0,20270721,0,20270722,0,20270723,0,20270726,0,20270727,0,20270728,0,20270729,0,20270730,0,20270802,0,20270803,0,20270804,0,20270805,0,20270806,0,20270809,0,20270810,0,20270811,0,20270812,0,20270813,0,20270816,0,20270817,0,20270818,0,20270819,0,20270820,0,20270823,0,20270824,0,20270825,0,20270826,0,20270827,0,20270830,0,20270831,0
'3823594e52252d7f6b14',20260906,0,20260913,0,20260920,0,20260927,0,20261004,0,20261011,0,20261018,0,20261025,0,20261101,0,20261108,0,20261111,1,20261115,0,20261122,0,20261129,0,20261206,0,20261213,0,20261220,0,20261225,1,20261227,0,20270101,1,20270103,0,20270110,0,20270117,0,20270124,0,20270131,0,20270207,0,20270214,0,20270221,0,20270228,0,20270307,0,20270314,0,20270321,0,20270328,0,20270329,1,20270404,0,20270411,0,20270418,0,20270425,0,20270502,0,20270506,1,20270508,1,20270509,0,20270516,0,20270517,1,20270523,0,20270530,0,20270606,0,20270613,0,20270620,0,20270627,0,20270704,0,20270711,0,20270714,1,20270718,0,20270725,0,20270801,0,20270808,0,20270815,0,20270822,0,20270829,0
'39206428010a3522612d',20260905,0,20260912,0,20260919,0
'3b110f002e63067b2820',20260901,0,20260902,0,20260903,0,20260904,0,20260907,0,20260908,0,20260909,0,20260910,0,20260911,0,20260914,0,20260915,0,20260916,0,20260917,0,20260918,0,20260921,0,20260922,0,20260923,0,20260924,0,20260925,0
'40643c77541007244a61',20260803,0,20260804,0,20260805,0,20260806,0,20260807,0,20260810,0,20260811,0,20260812,0,20260813,0,20260814,0,20260817,0,20260818,0,20260819,0,20260820,0,20260821,0,20260824,0,20260825,0,20260826,0,20260827,0,20260828,0,20260831,0,20260901,0,20260902,0,20260903,0,20260904,0,20260907,0,20260908,0,20260909,0,20260910,0,20260911,0,20260914,0,20260915,0,20260916,0,20260917,0,20260918,0,20260921,0,20260922,0,20260923,0,20260924,0,20260925,0,20260928,0,20260929,0,20260930,0,20261001,0,20261002,0,20261005,0,20261006,0,20261007,0,20261008,0,20261009,0,20261012,0,20261013,0,20261014,0,20261015,0,20261016,0,20261019,0,20261020,0,20261021,0,20261022,0,20261023,0,20261026,0,20261027,0,20261028,0,20261029,0,20261030,0,20261102,0,20261103,0,20261104,0,20261105,0,20261106,0,20261109,0,20261110,0,20261111,0,20261111,2,20261112,0,20261113,0,20261116,0,20261117,0,20261118,0,20261119,0,20261120,0,20261123,0,20261124,0,20261125,0,20261126,0,20261127,0,20261130,0,20261201,0,20261202,0,20261203,0,20261204,0,20261207,0,20261208,0,20261209,0,20261210,0,20261211,0,20261214,0,20261215,0,20261216,0,20261217,0,20261218,0,20261221,0,20261222,0,20261223,0,20261224,0,20261225,0,20261225,2,20261228,0,20261229,0,20261230,0,20261231,0,20270101,0,20270101,2,20270104,0,20270105,0,20270106,0,20270107,0,20270108,0,20270111,0,20270112,0,20270113,0,20270114,0,20270115,0,20270118,0,20270119,0,20270120,0,20270121,0,20270122,0,20270125,0,20270126,0,20270127,0,20270128,0,20270129,0,20270201,0,20270202,0,20270203,0,20270204,0,20270205,0,20270208,0,20270209,0,20270210,0,20270211,0,20270212,0,20270215,0,20270216,0,20270217,0,20270218,0,20270219,0,20270222,0,20270223,0,20270224,0,20270225,0,20270226,0,20270301,0,20270302,0,20270303,0,20270304,0,20270305,0,20270308,0,20270309,0,20270310,0,20270311,0,20270312,0,20270315,0,20270316,0,20270317,0,20270318,0,20270319,0,20270322,0,20270323,0,20270324,0,20270325,0,20270326,0,20270329,0,20270329,2,20270330,0,20270331,0,20270401,0,20270402,0,20270405,0,20270406,0,20270407,0,20270408,0,20270409,0,20270412,0,20270413,0,20270414,0,20270415,0,20270416,0,20270419,0,20270420,0,20270421,0,20270422,0,20270423,0,20270426,0,20270427,0,20270428,0,20270429,0,20270430,0,20270503,0,20270504,0,20270505,0,20270506,0,20270506,2,20270507,0,20270510,0,20270511,0,20270512,0,20270513,0,20270514,0,20270517,0,20270517,2,20270518,0,20270519,0,20270520,0,20270521,0,20270524,0,20270525,0,20270526,0,20270527,0,20270528,0,20270531,0,20270601,0,20270602,0,20270603,0,20270604,0,20270607,0,20270608,0,20270609,0,20270610,0,20270611,0,20270614,0,20270615,0,20270616,0,20270617,0,20270618,0,20270621,0,20270622,0,20270623,0,20270624,0,20270625,0,20270628,0,20270629,0,20270630,0,20270701,0,20270702,0,20270705,0,20270706,0,20270707,0,20270708,0,20270709,0,20270712,0,20270713,0,20270714,0,20270714,2,20270715,0,20270716,0,20270719,0,20270720,0,20270721,0,20270722,0,20270723,0,20270726,0,20270727,0,20270728,0,20270729,0,20270730,0,20270802,0,20270803,0,20270804,0,20270805,0,20270806,0,20270809,0,20270810,0,20270811,0,20270812,0,20270813,0,20270816,0,20270817,0,20270818,0,20270819,0,20270820,0,20270823,0,20270824,0,20270825,0,20270826,0,20270827,0,20270830,0,20270831,0
'410f724f34757b253c7e',20260901,0,20260903,0,20260904,0,20260907,0,20260908,0,20260910,0,20260911,0,20260914,0,20260915,0,20260917,0,20260918,0,20260921,0,20260922,0,20260924,0,20260925,0,20260928,0,20260929,0,20261001,0,20261002,0,20261005,0,20261006,0,20261008,0,20261009,0,20261012,0,20261013,0,20261015,0,20261016,0,20261019,0,20261019,2,20261020,0,20261020,2,20261022,0,20261022,2,20261023,0,20261023,2,20261026,0,20261026,2,20261027,0,20261027,2,20261029,0,20261029,2,20261030,0,20261030,2,20261102,0,20261103,0,20261105,0,20261106,0,20261109,0,20261110,0,20261112,0,20261113,0,20261116,0,20261117,0,20261119,0,20261120,0,20261123,0,20261124,0,20261126,0,20261127,0,20261130,0,20261201,0,20261203,0,20261204,0,20261207,0,20261208,0,20261210,0,20261211,0,20261214,0,20261215,0,20261217,0,20261218,0,20261221,0,20261221,2,20261222,0,20261222,2,20261224,0,20261224,2,20261225,0,20261225,2,20261228,0,20261228,2,20261229,0,20261229,2,20261231,0,20261231,2,20270101,0,20270101,2,20270104,0,20270105,0,20270107,0,20270108,0,20270111,0,20270112,0,20270114,0,20270115,0,20270118,0,20270119,0,20270121,0,20270122,0,20270125,0,20270126,0,20270128,0,20270129,0,20270201,0,20270202,0,20270204,0,20270205,0,20270208,0,20270208,2,20270209,0,20270209,2,20270211,0,20270211,2,20270212,0,20270212,2,20270215,0,20270215,2,20270216,0,20270216,2,20270218,0,20270218,2,20270219,0,20270219,2,20270222,0,20270223,0,20270225,0,20270226,0,20270301,0,20270302,0,20270304,0,20270305,0,20270308,0,20270309,0,20270311,0,20270312,0,20270315,0,20270316,0,20270318,0,20270319,0,20270322,0,20270323,0,20270325,0,20270326,0,20270329,0,20270329,2,20270330,0,20270401,0,20270402,0,20270405,0,20270405,2,20270406,0,20270406,2,20270408,0,20270408,2,20270409,0,20270409,2,20270412,0,20270412,2,20270413,0,20270413,2,20270415,0,20270415,2,20270416,0,20270416,2,20270419,0,20270420,0,20270422,0,20270423,0,20270426,0,20270427,0,20270429,0,20270430,0,20270503,0,20270504,0,20270506,0,20270506,2,20270507,0,20270507,2,20270510,0,20270511,0,20270513,0,20270514,0,20270517,0,20270517,2,20270518,0,20270520,0,20270521,0,20270524,0,20270525,0,20270527,0,20270528,0,20270531,0,20270601,0,20270603,0,20270604,0,20270607,0,20270608,0,20270610,0,20270611,0,20270614,0,20270615,0,20270617,0,20270618,0,20270621,0,20270622,0,20270624,0,20270625,0,20270628,0,20270629,0,20270701,0,20270702,0
'4210105e07251f32714c',20260906,0,20260913,0,20260920,0
'4222041c237916795e5b',20260905,0,20260906,0,20260912,0,20260913,0,20260919,0,20260920,0,20260926,0,20260927,0,20261003,0,20261004,0,20261010,0,20261011,0,20261017,0,20261018,0,20261024,0,20261025,0,20261031,0,20261101,0,20261101,2,20261107,0,20261108,0,20261114,0,20261115,0,20261121,0,20261122,0,20261128,0,20261129,0,20261205,0,20261206,0,20261212,0,20261213,0,20261219,0,20261220,0,20261226,0,20261227,0,20270102,0,20270103,0,20270109,0,20270110,0,20270116,0,20270117,0,20270123,0,20270124,0,20270130,0,20270131,0,20270206,0,20270207,0,20270213,0,20270214,0,20270220,0,20270221,0,20270227,0,20270228,0,20270306,0,20270307,0,20270313,0,20270314,0,20270320,0,20270321,0,20270327,0,20270328,0,20270403,0,20270404,0,20270410,0,20270411,0,20270417,0,20270418,0,20270424,0,20270425,0,20270501,0,20270501,2,20270502,0,20270508,0,20270508,2,20270509,0,20270515,0,20270516,0,20270522,0,20270523,0,20270529,0,20270530,0,20270605,0,20270606,0,20270612,0,20270613,0,20270619,0,20270620,0,20270626,0,20270627,0,20270703,0,20270704,0,20270710,0,20270711,0,20270717,0,20270718,0,20270724,0,20270725,0,20270731,0,20270801,0,20270807,0,20270808,0,20270814,0,20270815,0,20270815,2,20270821,0,20270822,0,20270828,0,20270829,0
'446f323e6f18296b1c66',20260801,0,20260803,0,20260804,0,20260805,0,20260806,0,20260807,0,20260808,0,20260810,0,20260811,0,20260812,0,20260813,0,20260814,0,20260815,0,20260815,2,20260817,0,20260818,0,20260819,0,20260820,0,20260821,0,20260822,0,20260824,0,20260825,0,20260826,0,20260827,0,20260828,0,20260829,0,20260831,0,20260901,0,20260902,0,20260903,0,20260904,0,20260905,0,20260907,0,20260908,0,20260909,0,20260910,0,20260911,0,20260912,0,20260914,0,20260915,0,20260916,0,20260917,0,20260918,0,20260919,0,20260921,0,20260922,0,20260923,0,20260924,0,20260925,0,20260926,0,20260928,0,20260929,0,20260930,0,20261001,0,20261002,0,20261003,0,20261005,0,20261006,0,20261007,0,20261008,0,20261009,0,20261010,0,20261012,0,20261013,0,20261014,0,20261015,0,20261016,0,20261017,0,20261019,0,20261020,0,20261021,0,20261022,0,20261023,0,20261024,0,20261026,0,20261027,0,20261028,0,20261029,0,20261030,0,20261031,0,20261102,0,20261103,0,20261104,0,20261105,0,20261106,0,20261107,0,20261109,0,20261110,0,20261111,0,20261111,2,20261112,0,20261113,0,20261114,0
'48142260661639172253',20260803,0,20260804,0,20260805,0,20260806,0,20260807,0,20260810,0,20260811,0,20260812,0,20260813,0,20260814,0,20260817,0,20260818,0,20260819,0,20260820,0,20260821,0,20260824,0,20260825,0,20260826,0,20260827,0,20260828,0,20260831,0
'4b486d3f75551347753d',20260901,0,20260902,0,20260903,0,20260904,0,20260905,0,20260906,0,20260907,0,20260908,0,20260909,0,20260910,0,20260911,0,20260912,0,20260913,0,20260914,0,20260915,0,20260916,0,20260917,0,20260918,0,20260919,0,20260920,0,20260921,0,20260922,0,20260923,0,20260924,0,20260925,0,20260926,0,20260927,0,20260928,0,20260929,0,20260930,0,20261001,0,20261002,0,20261003,0,20261004,0,20261005,0,20261006,0,20261007,0,20261008,0,20261009,0,20261010,0,20261011,0,20261012,0,20261013,0,20261014,0,20261015,0,20261016,0,20261017,0,20261018,0,20261019,0,20261020,0,20261021,0,20261022,0,20261023,0,20261024,0,20261025,0,20261026,0,20261027,0,20261028,0,20261029,0,20261030,0,20261031,0,20261101,0,20261101,2,20261102,0,20261103,0,20261104,0,20261105,0,20261106,0,20261107,0,20261108,0,20261109,0,20261110,0,20261111,0,20261111,2,20261112,0,20261113,0,20261114,0,20261115,0,20261116,0,20261117,0,20261118,0,20261119,0,20261120,0,20261121,0,20261122,0,20261123,0,20261124,0,20261125,0,20261126,0,20261127,0,20261128,0,20261129,0,20261130,0,20261201,0,20261202,0,20261203,0,20261204,0,20261205,0,20261206,0,20261207,0,20261208,0,20261209,0,20261210,0,20261211,0,20261212,0,20261213,0,20261214,0,20261215,0,20261216,0,20261217,0,20261218,0,20261219,0,20261220,0,20261221,0,20261222,0,20261223,0,20261224,0,20261225,0,20261225,2,20261226,0,20261227,0,20261228,0,20261229,0,20261230,0,20261231,0,20270101,0,20270101,2,20270102,0,20270103,0,20270104,0,20270105,0,20270106,0,20270107,0,20270108,0,20270109,0,20270110,0,20270111,0,20270112,0,20270113,0,20270114,0,20270115,0,20270116,0,20270117,0,20270118,0,20270119,0,20270120,0,20270121,0,20270122,0,20270123,0,20270124,0,20270125,0,20270126,0,20270127,0,20270128,0,20270129,0,20270130,0,20270131,0,20270201,0,20270202,0,20270203,0,20270204,0,20270205,0,20270206,0,20270207,0,20270208,0,20270209,0,20270210,0,20270211,0,20270212,0,20270213,0,20270214,0,20270215,0,20270216,0,20270217,0,20270218,0,20270219,0,20270220,0,20270221,0,20270222,0,20270223,0,20270224,0,20270225,0,20270226,0,20270227,0,20270228,0,20270301,0,20270302,0,20270303,0,20270304,0,20270305,0,20270306,0,20270307,0,20270308,0,20270309,0,20270310,0,20270311,0,20270312,0,20270313,0,20270314,0,20270315,0,20270316,0,20270317,0,20270318,0,20270319,0,20270320,0,20270321,0,20270322,0,20270323,0,20270324,0,20270325,0,20270326,0,20270327,0,20270328,0,20270329,0,20270329,2,20270330,0,20270331,0,20270401,0,20270402,0,20270403,0,20270404,0,20270405,0,20270406,0,20270407,0,20270408,0,20270409,0,20270410,0,20270411,0,20270412,0,20270413,0,20270414,0,20270415,0,20270416,0,20270417,0,20270418,0,20270419,0,20270420,0,20270421,0,20270422,0,20270423,0,20270424,0,20270425,0,20270426,0,20270427,0,20270428,0,20270429,0,20270430,0,20270501,0,20270501,2,20270502,0,20270503,0,20270504,0,20270505,0,20270506,0,20270506,2,20270507,0,20270508,0,20270508,2,20270509,0,20270510,0,20270511,0,20270512,0,20270513,0,20270514,0,20270515,0,20270516,0,20270517,0,20270517,2,20270518,0,20270519,0,20270520,0,20270521,0,20270522,0,20270523,0,20270524,0,20270525,0,20270526,0,20270527,0,20270528,0,20270529,0,20270530,0,20270531,0,20270601,0,20270602,0,20270603,0,20270604,0,20270605,0,20270606,0,20270607,0,20270608,0,20270609,0,20270610,0,20270611,0,20270612,0,20270613,0,20270614,0,20270615,0,20270616,0,20270617,0,20270618,0,20270619,0,20270620,0,20270621,0,20270622,0,20270623,0,20270624,0,20270625,0,20270626,0,20270627,0,20270628,0,20270629,0,20270630,0,20270701,0,20270702,0,20270703,0,20270704,0,20270705,0,20270706,0,20270707,0,20270708,0,20270709,0,20270710,0,20270711,0,20270712,0,20270713,0,20270714,0,20270714,2,20270715,0,20270716,0,20270717,0,20270718,0,20270719,0,20270720,0,20270721,0,20270722,0,20270723,0,20270724,0,20270725,0,20270726,0,20270727,0,20270728,0,20270729,0,20270730,0,20270731,0,20270801,0,20270802,0,20270803,0,20270804,0,20270805,0,20270806,0,20270807,0,20270808,0,20270809,0,20270810,0,20270811,0,20270812,0,20270813,0,20270814,0,20270815,0,20270815,2,20270816,0,20270817,0,20270818,0,20270819,0,20270820,0,20270821,0,20270822,0,20270823,0,20270824,0,20270825,0,20270826,0,20270827,0,20270828,0,20270829,0,20270830,0,20270831,0
'4d7e32051b3a5b285939',20260901,0,20260902,0,20260903,0,20260904,0,20260907,0,20260908,0,20260909,0,20260910,0,20260911,0,20260914,0,20260915,0,20260916,0,20260917,0,20260918,0,20260921,0,20260922,0,20260923,0,20260924,0,20260925,0,20260928,0,20260929,0,20260930,0,20261001,0,20261002,0,20261005,0,20261006,0,20261007,0,20261008,0,20261009,0,20261012,0,20261013,0,20261014,0,20261015,0,20261016,0,20261019,0,20261020,0,20261021,0,20261022,0,20261023,0,20261026,0,20261027,0,20261028,0,20261029,0,20261030,0,20261102,0,20261103,0,20261104,0,20261105,0,20261106,0,20261109,0,20261110,0,20261111,0,20261111,2,20261112,0,20261113,0,20261116,0,20261117,0,20261118,0,20261119,0,20261120,0,20261123,0,20261124,0,20261125,0,20261126,0,20261127,0,20261130,0,20261201,0,20261202,0,20261203,0,20261204,0,20261207,0,20261208,0,20261209,0,20261210,0,20261211,0,20261214,0,20261215,0,20261216,0,20261217,0,20261218,0,20261221,0,20261222,0,20261223,0,20261224,0,20261225,0,20261225,2,20261228,0,20261229,0,20261230,0,20261231,0,20270101,0,20270101,2,20270104,0,20270105,0,20270106,0,20270107,0,20270108,0,20270111,0,20270112,0,20270113,0,20270114,0,20270115,0,20270118,0,20270119,0,20270120,0,20270121,0,20270122,0,20270125,0,20270126,0,20270127,0,20270128,0,20270129,0,20270201,0,20270202,0,20270203,0,20270204,0,20270205,0,20270208,0,20270209,0,20270210,0,20270211,0,20270212,0,20270215,0,20270216,0,20270217,0,20270218,0,20270219,0,20270222,0,20270223,0,20270224,0,20270225,0,20270226,0,20270301,0,20270302,0,20270303,0,20270304,0,20270305,0,20270308,0,20270309,0,20270310,0,20270311,0,20270312,0,20270315,0,20270316,0,20270317,0,20270318,0,20270319,0,20270322,0,20270323,0,20270324,0,20270325,0,20270326,0,20270329,0,20270329,2,20270330,0,20270331,0,20270401,0,20270402,0,20270405,0,20270406,0,20270407,0,20270408,0,20270409,0,20270412,0,20270413,0,20270414,0,20270415,0,20270416,0,20270419,0,20270420,0,20270421,0,20270422,0,20270423,0,20270426,0,20270427,0,20270428,0,20270429,0,20270430,0,20270503,0,20270504,0,20270505,0,20270506,0,20270506,2,20270507,0,20270510,0,20270511,0,20270512,0,20270513,0,20270514,0,20270517,0,20270517,2,20270518,0,20270519,0,20270520,0,20270521,0,20270524,0,20270525,0,20270526,0,20270527,0,20270528,0,20270531,0,20270601,0,20270602,0,20270603,0,20270604,0,20270607,0,20270608,0,20270609,0,20270610,0,20270611,0,20270614,0,20270615,0,20270616,0,20270617,0,20270618,0,20270621,0,20270622,0,20270623,0,20270624,0,20270625,0,20270628,0,20270629,0,20270630,0,20270701,0,20270702,0
'4f0277002864772e6462',20260901,0,20260902,0,20260903,0,20260904,0,20260905,0,20260907,0,20260908,0,20260909,0,20260910,0,20260911,0,20260912,0,20260914,0,20260915,0,20260916,0,20260917,0,20260918,0,20260919,0,20260921,0,20260922,0,20260923,0,20260924,0,20260925,0,20260926,0,20260928,0,20260929,0,20260930,0,20261001,0,20261002,0,20261003,0,20261005,0,20261006,0,20261007,0,20261008,0,20261009,0,20261010,0,20261012,0,20261013,0,20261014,0,20261015,0,20261016,0,20261017,0,20261019,0,20261020,0,20261021,0,20261022,0,20261023,0,20261024,0,20261026,0,20261027,0,20261028,0,20261029,0,20261030,0,20261031,0,20261102,0,20261103,0,20261104,0,20261105,0,20261106,0,20261107,0,20261109,0,20261110,0,20261111,0,20261111,2,20261112,0,20261113,0,20261114,0,20261116,0,20261117,0,20261118,0,20261119,0,20261120,0,20261121,0,20261123,0,20261124,0,20261125,0,20261126,0,20261127,0,20261128,0,20261130,0,20261201,0,20261202,0,20261203,0,20261204,0,20261205,0,20261207,0,20261208,0,20261209,0,20261210,0,20261211,0,20261212,0,20261214,0,20261215,0,20261216,0,20261217,0,20261218,0,20261219,0,20261221,0,20261222,0,20261223,0,20261224,0,20261225,0,20261225,2,20261226,0,20261228,0,20261229,0,20261230,0,20261231,0,20270101,0,20270101,2,20270102,0,20270104,0,20270105,0,20270106,0,20270107,0,20270108,0,20270109,0,20270111,0,20270112,0,20270113,0,20270114,0,20270115,0,20270116,0,20270118,0,20270119,0,20270120,0,20270121,0,20270122,0,20270123,0,20270125,0,20270126,0,20270127,0,20270128,0,20270129,0,20270130,0,20270201,0,20270202,0,20270203,0,20270204,0,20270205,0,20270206,0,20270208,0,20270209,0,20270210,0,20270211,0,20270212,0,20270213,0,20270215,0,20270216,0,20270217,0,20270218,0,20270219,0,20270220,0,20270222,0,20270223,0,20270224,0,20270225,0,20270226,0,20270227,0,20270301,0,20270302,0,20270303,0,20270304,0,20270305,0,20270306,0,20270308,0,20270309,0,20270310,0,20270311,0,20270312,0,20270313,0,20270315,0,20270316,0,20270317,0,20270318,0,20270319,0,20270320,0,20270322,0,20270323,0,20270324,0,20270325,0,20270326,0,20270327,0,20270329,0,20270329,2,20270330,0,20270331,0,20270401,0,20270402,0,20270403,0,20270405,0,20270406,0,20270407,0,20270408,0,20270409,0,20270410,0,20270412,0,20270413,0,20270414,0,20270415,0,20270416,0,20270417,0,20270419,0,20270420,0,20270421,0,20270422,0,20270423,0,20270424,0,20270426,0,20270427,0,20270428,0,20270429,0,20270430,0,20270501,0,20270501,2,20270503,0,20270504,0,20270505,0,20270506,0,20270506,2,20270507,0,20270508,0,20270508,2,20270510,0,20270511,0,20270512,0,20270513,0,20270514,0,20270515,0,20270517,0,20270517,2,20270518,0,20270519,0,20270520,0,20270521,0,20270522,0,20270524,0,20270525,0,20270526,0,20270527,0,20270528,0,20270529,0,20270531,0,20270601,0,20270602,0,20270603,0,20270604,0,20270605,0,20270607,0,20270608,0,20270609,0,20270610,0,20270611,0,20270612,0,20270614,0,20270615,0,20270616,0,20270617,0,20270618,0,20270619,0,20270621,0,20270622,0,20270623,0,20270624,0,20270625,0,20270626,0,20270628,0,20270629,0,20270630,0,20270701,0,20270702,0,20270703,0,20270705,0,20270706,0,20270707,0,20270708,0,20270709,0,20270710,0,20270712,0,20270713,0,20270714,0,20270714,2,20270715,0,20270716,0,20270717,0,20270719,0,20270720,0,20270721,0,20270722,0,20270723,0,20270724,0,20270726,0,20270727,0,20270728,0,20270729,0,20270730,0,20270731,0,20270802,0,20270803,0,20270804,0,20270805,0,20270806,0,20270807,0,20270809,0,20270810,0,20270811,0,20270812,0,20270813,0,20270814,0,20270816,0,20270817,0,20270818,0,20270819,0,20270820,0,20270821,0,20270823,0,20270824,0,20270825,0,20270826,0,20270827,0,20270828,0,20270830,0,20270831,0
'4f0d37292d690b2d6e01',20260802,0,20260809,0,20260815,1,20260816,0,20260823,0,20260830,0,20260906,0,20260913,0,20260920,0,20260927,0,20261004,0,20261011,0,20261018,0,20261025,0,20261101,0,20261108,0,20261111,1,20261115,0,20261122,0,20261129,0,20261206,0,20261213,0,20261220,0,20261225,1,20261227,0,20270101,1,20270103,0,20270110,0,20270117,0,20270124,0,20270131,0,20270207,0,20270214,0,20270221,0,20270228,0,20270307,0,20270314,0,20270321,0,20270328,0,20270329,1,20270404,0,20270411,0,20270418,0,20270425,0,20270502,0,20270506,1,20270508,1,20270509,0,20270516,0,20270517,1,20270523,0,20270530,0,20270606,0,20270613,0,20270620,0,20270627,0,20270704,0,20270711,0,20270714,1,20270718,0,20270725,0,20270801,0,20270808,0,20270815,0,20270822,0,20270829,0
'55165a77135328102c45',20260803,0,20260804,0,20260805,0,20260806,0,20260807,0,20260810,0,20260811,0,20260812,0,20260813,0,20260814,0,20260817,0,20260818,0,20260819,0,20260820,0,20260821,0,20260824,0,20260825,0,20260826,0,20260827,0,20260828,0,20260831,0,20260901,0,20260902,0,20260903,0,20260904,0,20260907,0,20260908,0,20260909,0,20260910,0,20260911,0,20260914,0,20260915,0,20260916,0,20260917,0,20260918,0,20260921,0,20260922,0,20260923,0,20260924,0,20260925,0,20260928,0,20260929,0,20260930,0,20261001,0,20261002,0,20261005,0,20261006,0,20261007,0,20261008,0,20261009,0,20261012,0,20261013,0,20261014,0,20261015,0,20261016,0,20261019,0,20261020,0,20261021,0,20261022,0,20261023,0,20261026,0,20261027,0,20261028,0,20261029,0,20261030,0,20261102,0,20261103,0,20261104,0,20261105,0,20261106,0,20261109,0,20261110,0,20261111,0,20261111,2,20261112,0,20261113,0,20261116,0,20261117,0,20261118,0,20261119,0,20261120,0,20261123,0,20261124,0,20261125,0,20261126,0,20261127,0,20261130,0,20261201,0,20261202,0,20261203,0,20261204,0,20261207,0,20261208,0,20261209,0,20261210,0,20261211,0,20261214,0,20261215,0,20261216,0,20261217,0,20261218,0,20261221,0,20261222,0,20261223,0,20261224,0,20261225,0,20261225,2,20261228,0,20261229,0,20261230,0,20261231,0,20270101,0,20270101,2,20270104,0,20270105,0,20270106,0,20270107,0,20270108,0,20270111,0,20270112,0,20270113,0,20270114,0,20270115,0,20270118,0,20270119,0,20270120,0,20270121,0,20270122,0,20270125,0,20270126,0,20270127,0,20270128,0,20270129,0,20270201,0,20270202,0,20270203,0,20270204,0,20270205,0,20270208,0,20270209,0,20270210,0,20270211,0,20270212,0,20270215,0,20270216,0,20270217,0,20270218,0,20270219,0,20270222,0,20270223,0,20270224,0,20270225,0,20270226,0,20270301,0,20270302,0,20270303,0,20270304,0,20270305,0,20270308,0,20270309,0,20270310,0,20270311,0,20270312,0,20270315,0,20270316,0,20270317,0,20270318,0,20270319,0,20270322,0,20270323,0,20270324,0,20270325,0,20270326,0,20270329,0,20270329,2,20270330,0,20270331,0,20270401,0,20270402,0,20270405,0,20270406,0,20270407,0,20270408,0,20270409,0,20270412,0,20270413,0,20270414,0,20270415,0,20270416,0,20270419,0,20270420,0,20270421,0,20270422,0,20270423,0,20270426,0,20270427,0,20270428,0,20270429,0,20270430,0,20270503,0,20270504,0,20270505,0,20270506,0,20270506,2,20270507,0,20270510,0,20270511,0,20270512,0,20270513,0,20270514,0,20270517,0,20270517,2,20270518,0,20270519,0,20270520,0,20270521,0,20270524,0,20270525,0,20270526,0,20270527,0,20270528,0,20270531,0,20270601,0,20270602,0,20270603,0,20270604,0,20270607,0,20270608,0,20270609,0,20270610,0,20270611,0,20270614,0,20270615,0,20270616,0,20270617,0,20270618,0,20270621,0,20270622,0,20270623,0,20270624,0,20270625,0,20270628,0,20270629,0,20270630,0,20270701,0,20270702,0,20270705,0,20270706,0,20270707,0,20270708,0,20270709,0,20270712,0,20270713,0,20270714,0,20270714,2,20270715,0,20270716,0,20270719,0,20270720,0,20270721,0,20270722,0,20270723,0,20270726,0,20270727,0,20270728,0,20270729,0,20270730,0,20270802,0,20270803,0,20270804,0,20270805,0,20270806,0,20270809,0,20270810,0,20270811,0,20270812,0,20270813,0,20270816,0,20270817,0,20270818,0,20270819,0,20270820,0,20270823,0,20270824,0,20270825,0,20270826,0,20270827,0,20270830,0,20270831,0
'553d275f1455102c362a',20260901,0,20260903,0,20260904,0,20260907,0,20260908,0,20260910,0,20260911,0,20260914,0,20260915,0,20260917,0,20260918,0,20260921,0,20260922,0,20260924,0,20260925,0,20260928,0,20260929,0,20261001,0,20261002,0,20261005,0,20261006,0,20261008,0,20261009,0,20261012,0,20261013,0,20261015,0,20261016,0,20261019,0,20261019,2,20261020,0,20261020,2,20261022,0,20261022,2,20261023,0,20261023,2,20261026,0,20261026,2,20261027,0,20261027,2,20261029,0,20261029,2,20261030,0,20261030,2,20261102,0,20261103,0,20261105,0,20261106,0,20261109,0,20261110,0,20261112,0,20261113,0,20261116,0,20261117,0,20261119,0,20261120,0,20261123,0,20261124,0,20261126,0,20261127,0,20261130,0,20261201,0,20261203,0,20261204,0,20261207,0,20261208,0,20261210,0,20261211,0,20261214,0,20261215,0,20261217,0,20261218,0,20261221,0,20261221,2,20261222,0,20261222,2,20261224,0,20261224,2,20261225,0,20261225,2,20261228,0,20261228,2,20261229,0,20261229,2,20261231,0,20261231,2,20270101,0,20270101,2,20270104,0,20270105,0,20270107,0,20270108,0,20270111,0,20270112,0,20270114,0,20270115,0,20270118,0,20270119,0,20270121,0,20270122,0,20270125,0,20270126,0,20270128,0,20270129,0,20270201,0,20270202,0,20270204,0,20270205,0,20270208,0,20270208,2,20270209,0,20270209,2,20270211,0,20270211,2,20270212,0,20270212,2,20270215,0,20270215,2,20270216,0,20270216,2,20270218,0,20270218,2,20270219,0,20270219,2,20270222,0,20270223,0,20270225,0,20270226,0,20270301,0,20270302,0,20270304,0,20270305,0,20270308,0,20270309,0,20270311,0,20270312,0,20270315,0,20270316,0,20270318,0,20270319,0,20270322,0,20270323,0,20270325,0,20270326,0,20270329,0,20270329,2,20270330,0,20270401,0,20270402,0,20270405,0,20270405,2,20270406,0,20270406,2,20270408,0,20270408,2,20270409,0,20270409,2,20270412,0,20270412,2,20270413,0,20270413,2,20270415,0,20270415,2,20270416,0,20270416,2,20270419,0,20270420,0,20270422,0,20270423,0,20270426,0,20270427,0,20270429,0,20270430,0,20270503,0,20270504,0,20270506,0,20270506,2,20270507,0,20270507,2,20270510,0,20270511,0,20270513,0,20270514,0,20270517,0,20270517,2,20270518,0,20270520,0,20270521,0,20270524,0,20270525,0,20270527,0,20270528,0,20270531,0,20270601,0,20270603,0,20270604,0,20270607,0,20270608,0,20270610,0,20270611,0,20270614,0,20270615,0,20270617,0,20270618,0,20270621,0,20270622,0,20270624,0,20270625,0,20270628,0,20270629,0,20270701,0,20270702,0
'56061576073054406d39',20261017,1,20261019,1,20261020,1,20261021,1,20261022,1,20261023,1,20261024,1,20261026,1,20261027,1,20261028,1,20261029,1,20261030,1,20261031,1,20261219,1,20261221,1,20261222,1,20261223,1,20261224,1,20261226,1,20261228,1,20261229,1,20261230,1,20261231,1,20270102,1,20270206,1,20270208,1,20270209,1,20270210,1,20270211,1,20270212,1,20270213,1,20270215,1,20270216,1,20270217,1,20270218,1,20270219,1,20270220,1,20270403,1,20270405,1,20270406,1,20270407,1,20270408,1,20270409,1,20270410,1,20270412,1,20270413,1,20270414,1,20270415,1,20270416,1,20270417,1,20270507,1
'570173215c2e2d413507',20260801,0,20260808,0,20260815,0,20260815,2,20260822,0,20260829,0,20260905,0,20260912,0,20260919,0,20260926,0,20261003,0,20261010,0,20261017,0,20261024,0,20261031,0,20261107,0,20261114,0,20261121,0,20261128,0,20261205,0,20261212,0,20261219,0,20261226,0,20270102,0,20270109,0,20270116,0,20270123,0,20270130,0,20270206,0,20270213,0,20270220,0,20270227,0,20270306,0,20270313,0,20270320,0,20270327,0,20270403,0,20270410,0,20270417,0,20270424,0,20270501,0,20270501,2,20270508,0,20270508,2,20270515,0,20270522,0,20270529,0,20270605,0,20270612,0,20270619,0,20270626,0,20270703,0,20270710,0,20270717,0,20270724,0,20270731,0,20270807,0,20270814,0,20270821,0,20270828,0
'5839460d757725570f41',20260906,0,20260913,0,20260920,0,20260927,0,20261004,0,20261011,0,20261018,0,20261025,0,20261101,0,20261101,2,20261108,0,20261115,0,20261122,0,20261129,0,20261206,0,20261213,0,20261220,0,20261227,0,20270103,0,20270110,0,20270117,0,20270124,0,20270131,0,20270207,0,20270214,0,20270221,0,20270228,0,20270307,0,20270314,0,20270321,0,20270328,0,20270404,0,20270411,0,20270418,0,20270425,0,20270502,0,20270509,0,20270516,0,20270523,0,20270530,0,20270606,0,20270613,0,20270620,0,20270627,0
'59737b0d0f044b52693e',20261019,1,20261020,1,20261021,1,20261022,1,20261023,1,20261026,1,20261027,1,20261028,1,20261029,1,20261030,1,20261221,1,20261222,1,20261223,1,20261224,1,20261228,1,20261229,1,20261230,1,20261231,1,20270208,1,20270209,1,20270210,1,20270211,1,20270212,1,20270215,1,20270216,1,20270217,1,20270218,1,20270219,1,20270405,1,20270406,1,20270407,1,20270408,1,20270409,1,20270412,1,20270413,1,20270414,1,20270415,1,20270416,1,20270507,1,20270705,1,20270706,1,20270707,1,20270708,1,20270709,1,20270712,1,20270713,1,20270715,1,20270716,1,20270719,1,20270720,1,20270721,1,20270722,1,20270723,1,20270726,1,20270727,1,20270728,1,20270729,1,20270730,1,20270802,1,20270803,1,20270804,1,20270805,1,20270806,1,20270809,1,20270810,1,20270811,1,20270812,1,20270813,1,20270816,1,20270817,1,20270818,1,20270819,1,20270820,1,20270823,1,20270824,1,20270825,1,20270826,1,20270827,1,20270830,1,20270831,1
'5a5962265f3f1c435f26',20260802,0,20260809,0,20260816,0,20260823,0,20260830,0
'5a622e2f735638475e4f',20260803,0,20260804,0,20260805,0,20260806,0,20260807,0,20260810,0,20260811,0,20260812,0,20260813,0,20260814,0,20260817,0,20260818,0,20260819,0,20260820,0,20260821,0,20260824,0,20260825,0,20260826,0,20260827,0,20260828,0,20260831,0
'5a6656105b142c612e0c',20260801,0,20260803,0,20260804,0,20260805,0,20260806,0,20260807,0,20260808,0,20260810,0,20260811,0,20260812,0,20260813,0,20260814,0,20260815,0,20260815,2,20260817,0,20260818,0,20260819,0,20260820,0,20260821,0,20260822,0,20260824,0,20260825,0,20260826,0,20260827,0,20260828,0,20260829,0,20260831,0,20260901,0,20260902,0,20260903,0,20260904,0,20260905,0,20260907,0,20260908,0,20260909,0,20260910,0,20260911,0,20260912,0,20260914,0,20260915,0,20260916,0,20260917,0,20260918,0,20260919,0,20260921,0,20260922,0,20260923,0,20260924,0,20260925,0,20260926,0,20260928,0,20260929,0,20260930,0,20261001,0,20261002,0,20261003,0,20261005,0,20261006,0,20261007,0,20261008,0,20261009,0,20261010,0,20261012,0,20261013,0,20261014,0,20261015,0,20261016,0,20261017,0,20261019,0,20261020,0,20261021,0,20261022,0,20261023,0,20261024,0,20261026,0,20261027,0,20261028,0,20261029,0,20261030,0,20261031,0,20261102,0,20261103,0,20261104,0,20261105,0,20261106,0,20261107,0,20261109,0,20261110,0,20261111,0,20261111,2,20261112,0,20261113,0,20261114,0,20261116,0,20261117,0,20261118,0,20261119,0,20261120,0,20261121,0,20261123,0,20261124,0,20261125,0,20261126,0,20261127,0,20261128,0,20261130,0,20261201,0,20261202,0,20261203,0,20261204,0,20261205,0,20261207,0,20261208,0,20261209,0,20261210,0,20261211,0,20261212,0,20261214,0,20261215,0,20261216,0,20261217,0,20261218,0,20261219,0,20261221,0,20261222,0,20261223,0,20261224,0,20261225,0,20261225,2,20261226,0,20261228,0,20261229,0,20261230,0,20261231,0,20270101,0,20270101,2,20270102,0,20270104,0,20270105,0,20270106,0,20270107,0,20270108,0,20270109,0,20270111,0,20270112,0,20270113,0,20270114,0,20270115,0,20270116,0,20270118,0,20270119,0,20270120,0,20270121,0,20270122,0,20270123,0,20270125,0,20270126,0,20270127,0,20270128,0,20270129,0,20270130,0,20270201,0,20270202,0,20270203,0,20270204,0,20270205,0,20270206,0,20270208,0,20270209,0,20270210,0,20270211,0,20270212,0,20270213,0,20270215,0,20270216,0,20270217,0,20270218,0,20270219,0,20270220,0,20270222,0,20270223,0,20270224,0,20270225,0,20270226,0,20270227,0,20270301,0,20270302,0,20270303,0,20270304,0,20270305,0,20270306,0,20270308,0,20270309,0,20270310,0,20270311,0,20270312,0,20270313,0,20270315,0,20270316,0,20270317,0,20270318,0,20270319,0,20270320,0,20270322,0,20270323,0,20270324,0,20270325,0,20270326,0,20270327,0,20270329,0,20270329,2,20270330,0,20270331,0,20270401,0,20270402,0,20270403,0,20270405,0,20270406,0,20270407,0,20270408,0,20270409,0,20270410,0,20270412,0,20270413,0,20270414,0,20270415,0,20270416,0,20270417,0,20270419,0,20270420,0,20270421,0,20270422,0,20270423,0,20270424,0,20270426,0,20270427,0,20270428,0,20270429,0,20270430,0,20270501,0,20270501,2,20270503,0,20270504,0,20270505,0,20270506,0,20270506,2,20270507,0,20270508,0,20270508,2,20270510,0,20270511,0,20270512,0,20270513,0,20270514,0,20270515,0,20270517,0,20270517,2,20270518,0,20270519,0,20270520,0,20270521,0,20270522,0,20270524,0,20270525,0,20270526,0,20270527,0,20270528,0,20270529,0,20270531,0,20270601,0,20270602,0,20270603,0,20270604,0,20270605,0,20270607,0,20270608,0,20270609,0,20270610,0,20270611,0,20270612,0,20270614,0,20270615,0,20270616,0,20270617,0,20270618,0,20270619,0,20270621,0,20270622,0,20270623,0,20270624,0,20270625,0,20270626,0,20270628,0,20270629,0,20270630,0,20270701,0,20270702,0,20270703,0,20270705,0,20270706,0,20270707,0,20270708,0,20270709,0,20270710,0,20270712,0,20270713,0,20270714,0,20270714,2,20270715,0,20270716,0,20270717,0,20270719,0,20270720,0,20270721,0,20270722,0,20270723,0,20270724,0,20270726,0,20270727,0,20270728,0,20270729,0,20270730,0,20270731,0,20270802,0,20270803,0,20270804,0,20270805,0,20270806,0,20270807,0,20270809,0,20270810,0,20270811,0,20270812,0,20270813,0,20270814,0,20270816,0,20270817,0,20270818,0,20270819,0,20270820,0,20270821,0,20270823,0,20270824,0,20270825,0,20270826,0,20270827,0,20270828,0,20270830,0,20270831,0
'5a76264f260e32250115',20260802,0,20260809,0,20260816,0,20260823,0,20260830,0,20260906,0,20260913,0,20260920,0,20260927,0,20261004,0,20261011,0,20261018,0,20261025,0,20261101,0,20261101,2,20261108,0,20261115,0
'5d29795a58197465091f',20260801,0,20260802,0,20260803,0,20260804,0,20260805,0,20260806,0,20260807,0,20260808,0,20260809,0,20260810,0,20260811,0,20260812,0,20260813,0,20260814,0,20260815,0,20260815,2,20260816,0,20260817,0,20260818,0,20260819,0,20260820,0,20260821,0,20260822,0,20260823,0,20260824,0,20260825,0,20260826,0,20260827,0,20260828,0,20260829,0,20260830,0,20260831,0,20260901,0,20260902,0,20260903,0,20260904,0,20260905,0,20260906,0,20260907,0,20260908,0,20260909,0,20260910,0,20260911,0,20260912,0,20260913,0,20260914,0,20260915,0,20260916,0,20260917,0,20260918,0,20260919,0,20260920,0,20260921,0,20260922,0,20260923,0,20260924,0,20260925,0,20260926,0,20260927,0,20260928,0,20260929,0,20260930,0,20261001,0,20261002,0,20261003,0,20261004,0,20261005,0,20261006,0,20261007,0,20261008,0,20261009,0,20261010,0,20261011,0,20261012,0,20261013,0,20261014,0,20261015,0,20261016,0,20261017,0,20261018,0,20261019,0,20261020,0,20261021,0,20261022,0,20261023,0,20261024,0,20261025,0,20261026,0,20261027,0,20261028,0,20261029,0,20261030,0,20261031,0,20261101,0,20261101,2,20261102,0,20261103,0,20261104,0,20261105,0,20261106,0,20261107,0,20261108,0,20261109,0,20261110,0,20261111,0,20261111,2,20261112,0,20261113,0,20261114,0,20261115,0,20261116,0,20261117,0,20261118,0,20261119,0,20261120,0,20261121,0,20261122,0,20261123,0,20261124,0,20261125,0,20261126,0,20261127,0,20261128,0,20261129,0,20261130,0,20261201,0,20261202,0,20261203,0,20261204,0,20261205,0,20261206,0,20261207,0,20261208,0,20261209,0,20261210,0,20261211,0,20261212,0,20261213,0,20261214,0,20261215,0,20261216,0,20261217,0,20261218,0,20261219,0,20261220,0,20261221,0,20261222,0,20261223,0,20261224,0,20261225,0,20261225,2,20261226,0,20261227,0,20261228,0,20261229,0,20261230,0,20261231,0,20270101,0,20270101,2,20270102,0,20270103,0,20270104,0,20270105,0,20270106,0,20270107,0,20270108,0,20270109,0,20270110,0,20270111,0,20270112,0,20270113,0,20270114,0,20270115,0,20270116,0,20270117,0,20270118,0,20270119,0,20270120,0,20270121,0,20270122,0,20270123,0,20270124,0,20270125,0,20270126,0,20270127,0,20270128,0,20270129,0,20270130,0,20270131,0,20270201,0,20270202,0,20270203,0,20270204,0,20270205,0,20270206,0,20270207,0,20270208,0,20270209,0,20270210,0,20270211,0,20270212,0,20270213,0,20270214,0,20270215,0,20270216,0,20270217,0,20270218,0,20270219,0,20270220,0,20270221,0,20270222,0,20270223,0,20270224,0,20270225,0,20270226,0,20270227,0,20270228,0,20270301,0,20270302,0,20270303,0,20270304,0,20270305,0,20270306,0,20270307,0,20270308,0,20270309,0,20270310,0,20270311,0,20270312,0,20270313,0,20270314,0,20270315,0,20270316,0,20270317,0,20270318,0,20270319,0,20270320,0,20270321,0,20270322,0,20270323,0,20270324,0,20270325,0,20270326,0,20270327,0,20270328,0,20270329,0,20270329,2,20270330,0,20270331,0,20270401,0,20270402,0,20270403,0,20270404,0,20270405,0,20270406,0,20270407,0,20270408,0,20270409,0,20270410,0,20270411,0,20270412,0,20270413,0,20270414,0,20270415,0,20270416,0,20270417,0,20270418,0,20270419,0,20270420,0,20270421,0,20270422,0,20270423,0,20270424,0,20270425,0,20270426,0,20270427,0,20270428,0,20270429,0,20270430,0,20270501,0,20270501,2,20270502,0,20270503,0,20270504,0,20270505,0,20270506,0,20270506,2,20270507,0,20270508,0,20270508,2,20270509,0,20270510,0,20270511,0,20270512,0,20270513,0,20270514,0,20270515,0,20270516,0,20270517,0,20270517,2,20270518,0,20270519,0,20270520,0,20270521,0,20270522,0,20270523,0,20270524,0,20270525,0,20270526,0,20270527,0,20270528,0,20270529,0,20270530,0,20270531,0,20270601,0,20270602,0,20270603,0,20270604,0,20270605,0,20270606,0,20270607,0,20270608,0,20270609,0,20270610,0,20270611,0,20270612,0,20270613,0,20270614,0,20270615,0,20270616,0,20270617,0,20270618,0,20270619,0,20270620,0,20270621,0,20270622,0,20270623,0,20270624,0,20270625,0,20270626,0,20270627,0,20270628,0,20270629,0,20270630,0,20270701,0,20270702,0,20270703,0,20270704,0,20270705,0,20270706,0,20270707,0,20270708,0,20270709,0,20270710,0,20270711,0,20270712,0,20270713,0,20270714,0,20270714,2,20270715,0,20270716,0,20270717,0,20270718,0,20270719,0,20270720,0,20270721,0,20270722,0,20270723,0,20270724,0,20270725,0,20270726,0,20270727,0,20270728,0,20270729,0,20270730,0,20270731,0,20270801,0,20270802,0,20270803,0,20270804,0,20270805,0,20270806,0,20270807,0,20270808,0,20270809,0,20270810,0,20270811,0,20270812,0,20270813,0,20270814,0,20270815,0,20270815,2,20270816,0,20270817,0,20270818,0,20270819,0,20270820,0,20270821,0,20270822,0,20270823,0,20270824,0,20270825,0,20270826,0,20270827,0,20270828,0,20270829,0,20270830,0,20270831,0
'5e3b7e4e66044d16561a',20260801,0,20260802,0,20260803,0,20260804,0,20260805,0,20260806,0,20260807,0,20260808,0,20260809,0,20260810,0,20260811,0,20260812,0,20260813,0,20260814,0,20260815,0,20260816,0,20260817,0,20260818,0,20260819,0,20260820,0,20260821,0,20260822,0,20260823,0,20260824,0,20260825,0,20260826,0,20260827,0,20260828,0,20260829,0,20260830,0,20260831,0
'614f756f5f66407a564d',20260801,0,20260803,0,20260804,0,20260805,0,20260806,0,20260807,0,20260808,0,20260810,0,20260811,0,20260812,0,20260813,0,20260814,0,20260815,0,20260815,2,20260817,0,20260818,0,20260819,0,20260820,0,20260821,0,20260822,0,20260824,0,20260825,0,20260826,0,20260827,0,20260828,0,20260829,0,20260831,0
'656a632e200645707b66',20260901,0,20260902,0,20260903,0,20260904,0,20260907,0,20260908,0,20260909,0,20260910,0,20260911,0,20260914,0,20260915,0,20260916,0,20260917,0,20260918,0,20260921,0,20260922,0,20260923,0,20260924,0,20260925,0,20260928,0,20260929,0,20260930,0,20261001,0,20261002,0,20261005,0,20261006,0,20261007,0,20261008,0,20261009,0,20261012,0,20261013,0,20261014,0,20261015,0,20261016,0,20261019,0,20261019,2,20261020,0,20261020,2,20261021,0,20261021,2,20261022,0,20261022,2,20261023,0,20261023,2,20261026,0,20261026,2,20261027,0,20261027,2,20261028,0,20261028,2,20261029,0,20261029,2,20261030,0,20261030,2,20261102,0,20261103,0,20261104,0,20261105,0,20261106,0,20261109,0,20261110,0,20261111,0,20261111,2,20261112,0,20261113,0,20261116,0,20261117,0,20261118,0,20261119,0,20261120,0,20261123,0,20261124,0,20261125,0,20261126,0,20261127,0,20261130,0,20261201,0,20261202,0,20261203,0,20261204,0,20261207,0,20261208,0,20261209,0,20261210,0,20261211,0,20261214,0,20261215,0,20261216,0,20261217,0,20261218,0,20261221,0,20261221,2,20261222,0,20261222,2,20261223,0,20261223,2,20261224,0,20261224,2,20261225,0,20261225,2,20261228,0,20261228,2,20261229,0,20261229,2,20261230,0,20261230,2,20261231,0,20261231,2,20270101,0,20270101,2,20270104,0,20270105,0,20270106,0,20270107,0,20270108,0,20270111,0,20270112,0,20270113,0,20270114,0,20270115,0,20270118,0,20270119,0,20270120,0,20270121,0,20270122,0,20270125,0,20270126,0,20270127,0,20270128,0,20270129,0,20270201,0,20270202,0,20270203,0,20270204,0,20270205,0,20270208,0,20270208,2,20270209,0,20270209,2,20270210,0,20270210,2,20270211,0,20270211,2,20270212,0,20270212,2,20270215,0,20270215,2,20270216,0,20270216,2,20270217,0,20270217,2,20270218,0,20270218,2,20270219,0,20270219,2,20270222,0,20270223,0,20270224,0,20270225,0,20270226,0,20270301,0,20270302,0,20270303,0,20270304,0,20270305,0,20270308,0,20270309,0,20270310,0,20270311,0,20270312,0,20270315,0,20270316,0,20270317,0,20270318,0,20270319,0,20270322,0,20270323,0,20270324,0,20270325,0,20270326,0,20270329,0,20270329,2,20270330,0,20270331,0,20270401,0,20270402,0,20270405,0,20270405,2,20270406,0,20270406,2,20270407,0,20270407,2,20270408,0,20270408,2,20270409,0,20270409,2,20270412,0,20270412,2,20270413,0,20270413,2,20270414,0,20270414,2,20270415,0,20270415,2,20270416,0,20270416,2,20270419,0,20270420,0,20270421,0,20270422,0,20270423,0,20270426,0,20270427,0,20270428,0,20270429,0,20270430,0,20270503,0,20270504,0,20270505,0,20270506,0,20270506,2,20270507,0,20270507,2,20270510,0,20270511,0,20270512,0,20270513,0,20270514,0,20270517,0,20270517,2,20270518,0,20270519,0,20270520,0,20270521,0,20270524,0,20270525,0,20270526,0,20270527,0,20270528,0,20270531,0,20270601,0,20270602,0,20270603,0,20270604,0,20270607,0,20270608,0,20270609,0,20270610,0,20270611,0,20270614,0,20270615,0,20270616,0,20270617,0,20270618,0,20270621,0,20270622,0,20270623,0,20270624,0,20270625,0,20270628,0,20270629,0,20270630,0,20270701,0,20270702,0
'6d38102c511023801d31',20260902,0,20260909,0,20260916,0,20260923,0,20260930,0,20261007,0,20261014,0,20261021,0,20261021,2,20261028,0,20261028,2,20261104,0,20261111,0,20261111,2,20261118,0,20261125,0,20261202,0,20261209,0,20261216,0,20261223,0,20261223,2,20261230,0,20261230,2,20270106,0,20270113,0,20270120,0,20270127,0,20270203,0,20270210,0,20270210,2,20270217,0,20270217,2,20270224,0,20270303,0,20270310,0,20270317,0,20270324,0,20270331,0,20270407,0,20270407,2,20270414,0,20270414,2,20270421,0,20270428,0,20270505,0,20270512,0,20270519,0,20270526,0,20270602,0,20270609,0,20270616,0,20270623,0,20270630,0
'6f166c68066d266f1856',20260901,0,20260902,0,20260903,0,20260904,0,20260905,0,20260907,0,20260908,0,20260909,0,20260910,0,20260911,0,20260912,0,20260914,0,20260915,0,20260916,0,20260917,0,20260918,0,20260919,0,20260921,0,20260922,0,20260923,0,20260924,0,20260925,0,20260926,0
'733530035b22037f1c55',20260901,0,20260902,0,20260903,0,20260904,0,20260905,0,20260907,0,20260908,0,20260909,0,20260910,0,20260911,0,20260912,0,20260914,0,20260915,0,20260916,0,20260917,0,20260918,0,20260919,0,20260921,0,20260922,0,20260923,0,20260924,0,20260925,0,20260926,0,20260928,0,20260929,0,20260930,0,20261001,0,20261002,0,20261003,0,20261005,0,20261006,0,20261007,0,20261008,0,20261009,0,20261010,0,20261012,0,20261013,0,20261014,0,20261015,0,20261016,0,20261017,0,20261019,0,20261020,0,20261021,0,20261022,0,20261023,0,20261024,0,20261026,0,20261027,0,20261028,0,20261029,0,20261030,0,20261031,0,20261102,0,20261103,0,20261104,0,20261105,0,20261106,0,20261107,0,20261109,0,20261110,0,20261111,0,20261111,2,20261112,0,20261113,0,20261114,0,20261116,0,20261117,0,20261118,0,20261119,0,20261120,0,20261121,0,20261123,0,20261124,0,20261125,0,20261126,0,20261127,0,20261128,0,20261130,0,20261201,0,20261202,0,20261203,0,20261204,0,20261205,0,20261207,0,20261208,0,20261209,0,20261210,0,20261211,0,20261212,0,20261214,0,20261215,0,20261216,0,20261217,0,20261218,0,20261219,0,20261221,0,20261222,0,20261223,0,20261224,0,20261225,0,20261225,2,20261226,0,20261228,0,20261229,0,20261230,0,20261231,0,20270101,0,20270101,2,20270102,0,20270104,0,20270105,0,20270106,0,20270107,0,20270108,0,20270109,0,20270111,0,20270112,0,20270113,0,20270114,0,20270115,0,20270116,0,20270118,0,20270119,0,20270120,0,20270121,0,20270122,0,20270123,0,20270125,0,20270126,0,20270127,0,20270128,0,20270129,0,20270130,0,20270201,0,20270202,0,20270203,0,20270204,0,20270205,0,20270206,0,20270208,0,20270209,0,20270210,0,20270211,0,20270212,0,20270213,0,20270215,0,20270216,0,20270217,0,20270218,0,20270219,0,20270220,0,20270222,0,20270223,0,20270224,0,20270225,0,20270226,0,20270227,0,20270301,0,20270302,0,20270303,0,20270304,0,20270305,0,20270306,0,20270308,0,20270309,0,20270310,0,20270311,0,20270312,0,20270313,0,20270315,0,20270316,0,20270317,0,20270318,0,20270319,0,20270320,0,20270322,0,20270323,0,20270324,0,20270325,0,20270326,0,20270327,0,20270329,0,20270329,2,20270330,0,20270331,0,20270401,0,20270402,0,20270403,0,20270405,0,20270406,0,20270407,0,20270408,0,20270409,0,20270410,0,20270412,0,20270413,0,20270414,0,20270415,0,20270416,0,20270417,0,20270419,0,20270420,0,20270421,0,20270422,0,20270423,0,20270424,0,20270426,0,20270427,0,20270428,0,20270429,0,20270430,0,20270501,0,20270501,2,20270503,0,20270504,0,20270505,0,20270506,0,20270506,2,20270507,0,20270508,0,20270508,2,20270510,0,20270511,0,20270512,0,20270513,0,20270514,0,20270515,0,20270517,0,20270517,2,20270518,0,20270519,0,20270520,0,20270521,0,20270522,0,20270524,0,20270525,0,20270526,0,20270527,0,20270528,0,20270529,0,20270531,0,20270601,0,20270602,0,20270603,0,20270604,0,20270605,0,20270607,0,20270608,0,20270609,0,20270610,0,20270611,0,20270612,0,20270614,0,20270615,0,20270616,0,20270617,0,20270618,0,20270619,0,20270621,0,20270622,0,20270623,0,20270624,0,20270625,0,20270626,0,20270628,0,20270629,0,20270630,0,20270701,0,20270702,0
'756603196f6d69726363',20260801,0,20260803,0,20260804,0,20260805,0,20260806,0,20260807,0,20260808,0,20260810,0,20260811,0,20260812,0,20260813,0,20260814,0,20260815,0,20260815,2,20260817,0,20260818,0,20260819,0,20260820,0,20260821,0,20260822,0,20260824,0,20260825,0,20260826,0,20260827,0,20260828,0,20260829,0,20260831,0,20260901,0,20260902,0,20260903,0,20260904,0,20260905,0,20260907,0,20260908,0,20260909,0,20260910,0,20260911,0,20260912,0,20260914,0,20260915,0,20260916,0,20260917,0,20260918,0,20260919,0,20260921,0,20260922,0,20260923,0,20260924,0,20260925,0,20260926,0,20260928,0,20260929,0,20260930,0,20261001,0,20261002,0,20261003,0,20261005,0,20261006,0,20261007,0,20261008,0,20261009,0,20261010,0,20261012,0,20261013,0,20261014,0,20261015,0,20261016,0,20261017,0,20261019,0,20261020,0,20261021,0,20261022,0,20261023,0,20261024,0,20261026,0,20261027,0,20261028,0,20261029,0,20261030,0,20261031,0,20261102,0,20261103,0,20261104,0,20261105,0,20261106,0,20261107,0,20261109,0,20261110,0,20261111,0,20261111,2,20261112,0,20261113,0,20261114,0,20261116,0,20261117,0,20261118,0,20261119,0,20261120,0,20261121,0,20261123,0,20261124,0,20261125,0,20261126,0,20261127,0,20261128,0,20261130,0,20261201,0,20261202,0,20261203,0,20261204,0,20261205,0,20261207,0,20261208,0,20261209,0,20261210,0,20261211,0,20261212,0,20261214,0,20261215,0,20261216,0,20261217,0,20261218,0,20261219,0,20261221,0,20261222,0,20261223,0,20261224,0,20261225,0,20261225,2,20261226,0,20261228,0,20261229,0,20261230,0,20261231,0,20270101,0,20270101,2,20270102,0,20270104,0,20270105,0,20270106,0,20270107,0,20270108,0,20270109,0,20270111,0,20270112,0,20270113,0,20270114,0,20270115,0,20270116,0,20270118,0,20270119,0,20270120,0,20270121,0,20270122,0,20270123,0,20270125,0,20270126,0,20270127,0,20270128,0,20270129,0,20270130,0,20270201,0,20270202,0,20270203,0,20270204,0,20270205,0,20270206,0,20270208,0,20270209,0,20270210,0,20270211,0,20270212,0,20270213,0,20270215,0,20270216,0,20270217,0,20270218,0,20270219,0,20270220,0,20270222,0,20270223,0,20270224,0,20270225,0,20270226,0,20270227,0,20270301,0,20270302,0,20270303,0,20270304,0,20270305,0,20270306,0,20270308,0,20270309,0,20270310,0,20270311,0,20270312,0,20270313,0,20270315,0,20270316,0,20270317,0,20270318,0,20270319,0,20270320,0,20270322,0,20270323,0,20270324,0,20270325,0,20270326,0,20270327,0,20270329,0,20270329,2,20270330,0,20270331,0,20270401,0,20270402,0,20270403,0,20270405,0,20270406,0,20270407,0,20270408,0,20270409,0,20270410,0,20270412,0,20270413,0,20270414,0,20270415,0,20270416,0,20270417,0,20270419,0,20270420,0,20270421,0,20270422,0,20270423,0,20270424,0,20270426,0,20270427,0,20270428,0,20270429,0,20270430,0,20270501,0,20270501,2,20270503,0,20270504,0,20270505,0,20270506,0,20270506,2,20270507,0,20270508,0,20270508,2,20270510,0,20270511,0,20270512,0,20270513,0,20270514,0,20270515,0,20270517,0,20270517,2,20270518,0,20270519,0,20270520,0,20270521,0,20270522,0,20270524,0,20270525,0,20270526,0,20270527,0,20270528,0,20270529,0,20270531,0,20270601,0,20270602,0,20270603,0,20270604,0,20270605,0,20270607,0,20270608,0,20270609,0,20270610,0,20270611,0,20270612,0,20270614,0,20270615,0,20270616,0,20270617,0,20270618,0,20270619,0,20270621,0,20270622,0,20270623,0,20270624,0,20270625,0,20270626,0,20270628,0,20270629,0,20270630,0,20270701,0,20270702,0,20270703,0,20270705,0,20270706,0,20270707,0,20270708,0,20270709,0,20270710,0,20270712,0,20270713,0,20270714,0,20270714,2,20270715,0,20270716,0,20270717,0,20270719,0,20270720,0,20270721,0,20270722,0,20270723,0,20270724,0,20270726,0,20270727,0,20270728,0,20270729,0,20270730,0,20270731,0,20270802,0,20270803,0,20270804,0,20270805,0,20270806,0,20270807,0,20270809,0,20270810,0,20270811,0,20270812,0,20270813,0,20270814,0,20270816,0,20270817,0,20270818,0,20270819,0,20270820,0,20270821,0,20270823,0,20270824,0,20270825,0,20270826,0,20270827,0,20270828,0,20270830,0,20270831,0
'7707646e2e100d073a33',20260802,0,20260809,0,20260815,1,20260816,0,20260823,0,20260830,0,20260906,0,20260913,0,20260920,0,20260927,0,20261004,0,20261011,0,20261018,0,20261025,0,20261101,0,20261108,0,20261111,1,20261115,0
'776819120b545e683118',20260801,0,20260808,0,20260815,0,20260815,2,20260822,0,20260829,0,20260905,0,20260912,0,20260919,0,20260926,0,20261003,0,20261010,0,20261017,0,20261024,0,20261031,0,20261107,0,20261114,0,20261121,0,20261128,0,20261205,0,20261212,0,20261219,0,20261226,0,20270102,0,20270109,0,20270116,0,20270123,0,20270130,0,20270206,0,20270213,0,20270220,0,20270227,0,20270306,0,20270313,0,20270320,0,20270327,0,20270403,0,20270410,0,20270417,0,20270424,0,20270501,0,20270501,2,20270508,0,20270508,2,20270515,0,20270522,0,20270529,0,20270605,0,20270612,0,20270619,0,20270626,0,20270703,0,20270710,0,20270717,0,20270724,0,20270731,0,20270807,0,20270814,0,20270821,0,20270828,0
'7b0c6705035135423608',20260801,0,20260803,0,20260804,0,20260805,0,20260806,0,20260807,0,20260808,0,20260810,0,20260811,0,20260812,0,20260813,0,20260814,0,20260815,0,20260815,2,20260817,0,20260818,0,20260819,0,20260820,0,20260821,0,20260822,0,20260824,0,20260825,0,20260826,0,20260827,0,20260828,0,20260829,0,20260831,0,20260901,0,20260902,0,20260903,0,20260904,0,20260905,0,20260907,0,20260908,0,20260909,0,20260910,0,20260911,0,20260912,0,20260914,0,20260915,0,20260916,0,20260917,0,20260918,0,20260919,0,20260921,0,20260922,0,20260923,0,20260924,0,20260925,0,20260926,0,20260928,0,20260929,0,20260930,0,20261001,0,20261002,0,20261003,0,20261005,0,20261006,0,20261007,0,20261008,0,20261009,0,20261010,0,20261012,0,20261013,0,20261014,0,20261015,0,20261016,0,20261017,0,20261019,0,20261020,0,20261021,0,20261022,0,20261023,0,20261024,0,20261026,0,20261027,0,20261028,0,20261029,0,20261030,0,20261031,0,20261102,0,20261103,0,20261104,0,20261105,0,20261106,0,20261107,0,20261109,0,20261110,0,20261111,0,20261111,2,20261112,0,20261113,0,20261114,0,20261116,0,20261117,0,20261118,0,20261119,0,20261120,0,20261121,0,20261123,0,20261124,0,20261125,0,20261126,0,20261127,0,20261128,0,20261130,0,20261201,0,20261202,0,20261203,0,20261204,0,20261205,0,20261207,0,20261208,0,20261209,0,20261210,0,20261211,0,20261212,0,20261214,0,20261215,0,20261216,0,20261217,0,20261218,0,20261219,0,20261221,0,20261222,0,20261223,0,20261224,0,20261225,0,20261225,2,20261226,0,20261228,0,20261229,0,20261230,0,20261231,0,20270101,0,20270101,2,20270102,0,20270104,0,20270105,0,20270106,0,20270107,0,20270108,0,20270109,0,20270111,0,20270112,0,20270113,0,20270114,0,20270115,0,20270116,0,20270118,0,20270119,0,20270120,0,20270121,0,20270122,0,20270123,0,20270125,0,20270126,0,20270127,0,20270128,0,20270129,0,20270130,0,20270201,0,20270202,0,20270203,0,20270204,0,20270205,0,20270206,0,20270208,0,20270209,0,20270210,0,20270211,0,20270212,0,20270213,0,20270215,0,20270216,0,20270217,0,20270218,0,20270219,0,20270220,0,20270222,0,20270223,0,20270224,0,20270225,0,20270226,0,20270227,0,20270301,0,20270302,0,20270303,0,20270304,0,20270305,0,20270306,0,20270308,0,20270309,0,20270310,0,20270311,0,20270312,0,20270313,0,20270315,0,20270316,0,20270317,0,20270318,0,20270319,0,20270320,0,20270322,0,20270323,0,20270324,0,20270325,0,20270326,0,20270327,0,20270329,0,20270329,2,20270330,0,20270331,0,20270401,0,20270402,0,20270403,0,20270405,0,20270406,0,20270407,0,20270408,0,20270409,0,20270410,0,20270412,0,20270413,0,20270414,0,20270415,0,20270416,0,20270417,0,20270419,0,20270420,0,20270421,0,20270422,0,20270423,0,20270424,0,20270426,0,20270427,0,20270428,0,20270429,0,20270430,0,20270501,0,20270501,2,20270503,0,20270504,0,20270505,0,20270506,0,20270506,2,20270507,0,20270508,0,20270508,2,20270510,0,20270511,0,20270512,0,20270513,0,20270514,0,20270515,0,20270517,0,20270517,2,20270518,0,20270519,0,20270520,0,20270521,0,20270522,0,20270524,0,20270525,0,20270526,0,20270527,0,20270528,0,20270529,0,20270531,0,20270601,0,20270602,0,20270603,0,20270604,0,20270605,0,20270607,0,20270608,0,20270609,0,20270610,0,20270611,0,20270612,0,20270614,0,20270615,0,20270616,0,20270617,0,20270618,0,20270619,0,20270621,0,20270622,0,20270623,0,20270624,0,20270625,0,20270626,0,20270628,0,20270629,0,20270630,0,20270701,0,20270702,0,20270703,0,20270705,0,20270706,0,20270707,0,20270708,0,20270709,0,20270710,0,20270712,0,20270713,0,20270714,0,20270714,2,20270715,0,20270716,0,20270717,0,20270719,0,20270720,0,20270721,0,20270722,0,20270723,0,20270724,0,20270726,0,20270727,0,20270728,0,20270729,0,20270730,0,20270731,0,20270802,0,20270803,0,20270804,0,20270805,0,20270806,0,20270807,0,20270809,0,20270810,0,20270811,0,20270812,0,20270813,0,20270814,0,20270816,0,20270817,0,20270818,0,20270819,0,20270820,0,20270821,0,20270823,0,20270824,0,20270825,0,20270826,0,20270827,0,20270828,0,20270830,0,20270831,0
'7e2a7c3906106b50635a',20260802,0,20260809,0,20260815,1,20260816,0,20260823,0,20260830,0
'7f443a14596255477616',20260901,0,20260902,0,20260903,0,20260904,0,20260907,0,20260908,0,20260909,0,20260910,0,20260911,0,20260914,0,20260915,0,20260916,0,20260917,0,20260918,0,20260921,0,20260922,0,20260923,0,20260924,0,20260925,0,20260928,0,20260929,0,20260930,0,20261001,0,20261002,0,20261005,0,20261006,0,20261007,0,20261008,0,20261009,0,20261012,0,20261013,0,20261014,0,20261015,0,20261016,0,20261019,0,20261019,2,20261020,0,20261020,2,20261021,0,20261021,2,20261022,0,20261022,2,20261023,0,20261023,2,20261026,0,20261026,2,20261027,0,20261027,2,20261028,0,20261028,2,20261029,0,20261029,2,20261030,0,20261030,2,20261102,0,20261103,0,20261104,0,20261105,0,20261106,0,20261109,0,20261110,0,20261111,0,20261111,2,20261112,0,20261113,0,20261116,0,20261117,0,20261118,0,20261119,0,20261120,0,20261123,0,20261124,0,20261125,0,20261126,0,20261127,0,20261130,0,20261201,0,20261202,0,20261203,0,20261204,0,20261207,0,20261208,0,20261209,0,20261210,0,20261211,0,20261214,0,20261215,0,20261216,0,20261217,0,20261218,0,20261221,0,20261221,2,20261222,0,20261222,2,20261223,0,20261223,2,20261224,0,20261224,2,20261225,0,20261225,2,20261228,0,20261228,2,20261229,0,20261229,2,20261230,0,20261230,2,20261231,0,20261231,2,20270101,0,20270101,2,20270104,0,20270105,0,20270106,0,20270107,0,20270108,0,20270111,0,20270112,0,20270113,0,20270114,0,20270115,0,20270118,0,20270119,0,20270120,0,20270121,0,20270122,0,20270125,0,20270126,0,20270127,0,20270128,0,20270129,0,20270201,0,20270202,0,20270203,0,20270204,0,20270205,0,20270208,0,20270208,2,20270209,0,20270209,2,20270210,0,20270210,2,20270211,0,20270211,2,20270212,0,20270212,2,20270215,0,20270215,2,20270216,0,20270216,2,20270217,0,20270217,2,20270218,0,20270218,2,20270219,0,20270219,2,20270222,0,20270223,0,20270224,0,20270225,0,20270226,0,20270301,0,20270302,0,20270303,0,20270304,0,20270305,0,20270308,0,20270309,0,20270310,0,20270311,0,20270312,0,20270315,0,20270316,0,20270317,0,20270318,0,20270319,0,20270322,0,20270323,0,20270324,0,20270325,0,20270326,0,20270329,0,20270329,2,20270330,0,20270331,0,20270401,0,20270402,0,20270405,0,20270405,2,20270406,0,20270406,2,20270407,0,20270407,2,20270408,0,20270408,2,20270409,0,20270409,2,20270412,0,20270412,2,20270413,0,20270413,2,20270414,0,20270414,2,20270415,0,20270415,2,20270416,0,20270416,2,20270419,0,20270420,0,20270421,0,20270422,0,20270423,0,20270426,0,20270427,0,20270428,0,20270429,0,20270430,0,20270503,0,20270504,0,20270505,0,20270506,0,20270506,2,20270507,0,20270507,2,20270510,0,20270511,0,20270512,0,20270513,0,20270514,0,20270517,0,20270517,2,20270518,0,20270519,0,20270520,0,20270521,0,20270524,0,20270525,0,20270526,0,20270527,0,20270528,0,20270531,0,20270601,0,20270602,0,20270603,0,20270604,0,20270607,0,20270608,0,20270609,0,20270610,0,20270611,0,20270614,0,20270615,0,20270616,0,20270617,0,20270618,0,20270621,0,20270622,0,20270623,0,20270624,0,20270625,0,20270628,0,20270629,0,20270630,0,20270701,0,20270702,0
